City_ID,City,Lat,Lng,Max Temp,Humidity,Cloudiness,Wind Speed,Country,Date
0,Bluff,-46.6,168.3333,54.01,88,99,10.49,NZ,2021-10-26 01:26:38
1,Mataura,-46.1927,168.8643,69.13,58,83,2.95,NZ,2021-10-26 01:25:58
2,Faanui,-16.4833,-151.75,73.92,92,100,6.93,PF,2021-10-26 01:25:54
3,Qaanaaq,77.484,-69.3632,4.21,62,100,14.85,GL,2021-10-26 01:26:28
4,Leningradskiy,69.3833,178.4167,9.73,94,100,16.28,RU,2021-10-26 01:27:07
5,Torbay,47.6666,-52.7314,40.26,83,90,6.91,CA,2021-10-26 01:26:36
6,Solnechnyy,50.7214,136.6319,44.87,62,91,5.46,RU,2021-10-26 01:28:23
7,Avarua,-21.2078,-159.775,77.05,61,75,11.5,CK,2021-10-26 01:26:31
8,Sande,53.5049,8.0142,53.02,95,97,12.5,DE,2021-10-26 01:31:11
9,Tiksi,71.6872,128.8694,0.72,97,99,4.45,RU,2021-10-26 01:27:09
10,Poum,-20.2333,164.0167,76.32,68,55,11.01,NC,2021-10-26 01:31:11
11,Ushuaia,-54.8,-68.3,33.46,86,20,8.05,AR,2021-10-26 01:25:57
12,Castro,-24.7911,-50.0119,57.06,95,8,3.33,BR,2021-10-26 01:25:16
13,Belogorsk,50.9158,128.4611,44.11,57,92,3.85,RU,2021-10-26 01:31:12
14,Keti Bandar,24.1447,67.4497,75.97,41,0,9.42,PK,2021-10-26 01:31:12
15,Tazovskiy,67.4667,78.7,13.87,93,56,7.96,RU,2021-10-26 01:31:12
16,Barrow,71.2906,-156.7887,24.82,86,90,14.97,US,2021-10-26 01:26:03
17,Tongzi,28.7829,105.0877,57.56,93,100,4.94,CN,2021-10-26 01:31:13
18,Punta Arenas,-53.15,-70.9167,35.71,80,75,3.44,CL,2021-10-26 01:21:29
19,Nicolas Bravo,18.45,-88.9167,75.56,98,17,2.48,MX,2021-10-26 01:31:14
20,Puerto Ayora,-0.7393,-90.3518,68.56,94,92,1.01,EC,2021-10-26 01:25:59
21,Brae,60.3964,-1.353,48.11,82,56,15.1,GB,2021-10-26 01:31:14
22,Rikitea,-23.1203,-134.9692,75.63,71,100,18.14,PF,2021-10-26 01:25:53
23,Wanaka,-44.7,169.15,66.11,59,37,4.0,NZ,2021-10-26 01:31:15
24,Busselton,-33.65,115.3333,53.04,65,98,1.07,AU,2021-10-26 01:26:15
25,Hilo,19.7297,-155.09,78.53,80,90,13.8,US,2021-10-26 01:22:16
26,Cape Town,-33.9258,18.4232,63.88,64,0,3.0,ZA,2021-10-26 01:22:26
27,Vaini,-21.2,-175.2,80.76,74,20,11.5,TO,2021-10-26 01:26:26
28,Georgetown,5.4112,100.3354,80.89,86,20,4.61,MY,2021-10-26 01:21:47
29,Kaitangata,-46.2817,169.8464,56.12,78,100,7.54,NZ,2021-10-26 01:26:01
30,Abu Dhabi,24.4667,54.3667,78.82,73,0,2.3,AE,2021-10-26 01:30:41
31,Kodiak,57.79,-152.4072,42.31,81,90,9.22,US,2021-10-26 01:26:51
32,Gualeguay,-33.1416,-59.3097,67.21,43,0,6.22,AR,2021-10-26 01:31:16
33,Jackson,42.4165,-122.8345,56.16,77,90,8.05,US,2021-10-26 01:27:00
34,Decatur,39.8403,-88.9548,51.66,81,1,11.5,US,2021-10-26 01:28:18
35,Tacuati,-23.45,-56.5833,65.59,70,100,2.35,PY,2021-10-26 01:31:17
36,Duma,34.7653,108.135,46.42,79,100,5.57,CN,2021-10-26 01:31:18
37,Albany,42.6001,-73.9662,56.75,90,100,4.45,US,2021-10-26 01:26:22
38,Hermanus,-34.4187,19.2345,61.81,86,100,12.68,ZA,2021-10-26 01:26:44
39,Ribeira Grande,38.5167,-28.7,68.85,75,34,20.69,PT,2021-10-26 01:27:27
40,Dikson,73.5069,80.5464,13.68,84,100,15.75,RU,2021-10-26 01:26:16
41,Maicao,11.3832,-72.2432,79.12,82,2,10.2,CO,2021-10-26 01:31:19
42,Tumbagaan,5.3656,120.3139,84.18,68,98,2.8,PH,2021-10-26 01:31:19
43,Kruisfontein,-34.0033,24.7314,58.89,95,39,5.08,ZA,2021-10-26 01:27:31
44,Geraldton,-28.7667,114.6,61.21,63,90,11.5,AU,2021-10-26 01:26:15
45,New Norfolk,-42.7826,147.0587,58.71,45,2,1.99,AU,2021-10-26 01:26:20
46,La Union,-5.4,-80.75,68.59,67,100,14.79,PE,2021-10-26 01:31:20
47,Manokwari,-0.8667,134.0833,84.78,66,3,9.51,ID,2021-10-26 01:31:20
48,Souillac,-20.5167,57.5167,73.78,83,40,13.8,MU,2021-10-26 01:27:03
49,Marawi,7.9986,124.2928,73.65,65,99,3.74,PH,2021-10-26 01:31:21
50,Grindavik,63.8424,-22.4338,37.35,93,40,4.61,IS,2021-10-26 01:28:31
51,Escarcega,18.6089,-90.7454,80.11,79,100,3.76,MX,2021-10-26 01:31:22
52,Agen,44.2,0.6333,56.52,93,20,2.3,FR,2021-10-26 01:30:35
53,Yellowknife,62.456,-114.3525,42.42,90,90,16.11,CA,2021-10-26 01:27:04
54,Tuktoyaktuk,69.4541,-133.0374,30.2,100,90,8.05,CA,2021-10-26 01:25:05
55,Teeli,51.0333,90.2333,35.13,63,40,0.18,RU,2021-10-26 01:31:23
56,Evensk,61.95,159.2333,19.13,76,1,3.78,RU,2021-10-26 01:31:23
57,Robertsport,6.7533,-11.3686,78.37,84,100,7.61,LR,2021-10-26 01:31:23
58,Zeya,53.75,127.2667,40.68,74,100,1.63,RU,2021-10-26 01:31:24
59,Katubao,5.8892,124.8294,86.45,66,54,1.79,PH,2021-10-26 01:31:24
60,Norman Wells,65.282,-126.8329,23.04,93,90,5.75,CA,2021-10-26 01:27:58
61,Cockburn Town,21.4612,-71.1419,82.8,79,53,17.58,TC,2021-10-26 01:31:25
62,Phalaborwa,-23.943,31.1411,61.84,84,100,3.36,ZA,2021-10-26 01:31:25
63,Port Alfred,-33.5906,26.891,62.01,87,10,14.34,ZA,2021-10-26 01:26:13
64,East London,-33.0153,27.9116,63.45,82,100,8.48,ZA,2021-10-26 01:26:19
65,Minot,48.2325,-101.2963,46.62,71,1,20.71,US,2021-10-26 01:28:31
66,Salalah,17.0151,54.0924,73.49,64,0,2.3,OM,2021-10-26 01:28:29
67,Tibati,6.4667,12.6333,67.21,94,100,1.34,CM,2021-10-26 01:31:26
68,Kerouane,9.2667,-9.0167,70.41,94,97,2.68,GN,2021-10-26 01:31:26
69,Saskylakh,71.9167,114.0833,-1.52,98,100,2.39,RU,2021-10-26 01:26:17
70,Nikolskoye,59.7035,30.7861,44.4,89,100,9.48,RU,2021-10-26 01:26:29
71,Thompson,55.7435,-97.8558,35.76,80,20,3.44,CA,2021-10-26 01:24:05
72,Hamilton,39.1834,-84.5333,53.89,92,90,3.0,US,2021-10-26 01:27:50
73,Pevek,69.7008,170.3133,1.51,93,100,3.71,RU,2021-10-26 01:26:20
74,Ilulissat,69.2167,-51.1,10.42,61,0,4.61,GL,2021-10-26 01:29:21
75,Mirabad,30.4362,61.8383,61.74,25,0,7.76,AF,2021-10-26 01:31:27
76,San Simon,14.9996,120.7808,87.12,63,83,9.24,PH,2021-10-26 01:31:28
77,Atuona,-9.8,-139.0333,78.1,72,25,17.11,PF,2021-10-26 01:26:01
78,Carnarvon,-24.8667,113.6333,66.27,55,75,14.97,AU,2021-10-26 01:26:14
79,Katsuura,35.1333,140.3,62.71,88,100,28.1,JP,2021-10-26 01:28:39
80,Poli,-3.3333,36.8,59.02,90,82,4.25,TZ,2021-10-26 01:31:29
81,Kavieng,-2.5744,150.7967,84.02,69,43,4.81,PG,2021-10-26 01:26:38
82,General Roca,-39.0333,-67.5833,70.2,41,100,26.46,AR,2021-10-26 01:31:29
83,Aksu,41.1231,80.2644,44.24,47,6,2.55,CN,2021-10-26 01:26:27
84,Ballina,-28.8667,153.5667,75.38,75,75,16.11,AU,2021-10-26 01:31:30
85,Fuxin,42.0156,121.6589,57.24,30,19,13.13,CN,2021-10-26 01:31:31
86,Esperance,-33.8667,121.9,55.24,63,59,5.7,AU,2021-10-26 01:26:21
87,Sao Felix Do Xingu,-6.6447,-51.995,72.52,95,62,0.81,BR,2021-10-26 01:31:31
88,Venezuela,8.0,-66.0,78.49,79,84,14.41,VE,2021-10-26 01:31:31
89,Puerto Escondido,15.85,-97.0667,83.23,65,75,4.61,MX,2021-10-26 01:31:32
90,Kapaa,22.0752,-159.319,84.18,80,40,1.99,US,2021-10-26 01:22:58
91,Hami,42.8,93.45,49.32,31,0,6.87,CN,2021-10-26 01:31:32
92,Port Macquarie,-31.4333,152.9167,71.89,59,60,7.4,AU,2021-10-26 01:28:43
93,Khatanga,71.9667,102.5,4.32,96,100,5.93,RU,2021-10-26 01:25:59
94,Hobart,-42.8794,147.3294,59.05,57,75,1.01,AU,2021-10-26 01:25:31
95,Port Lincoln,-34.7333,135.8667,72.68,39,100,17.05,AU,2021-10-26 01:28:20
96,Ambanja,-13.6833,48.45,72.03,88,26,3.47,MG,2021-10-26 01:31:34
97,Puerto Carreno,6.189,-67.4859,78.94,80,100,4.81,CO,2021-10-26 01:31:34
98,Port-Gentil,-0.7193,8.7815,76.12,88,100,6.02,GA,2021-10-26 01:31:34
99,Bonthe,7.5264,-12.505,76.96,88,100,6.6,SL,2021-10-26 01:31:35
100,Osa,57.2829,55.4567,25.47,85,21,6.46,RU,2021-10-26 01:31:35
101,Alness,57.696,-4.2551,50.23,92,100,5.57,GB,2021-10-26 01:31:35
102,Gisors,49.2818,1.7801,51.94,94,6,6.38,FR,2021-10-26 01:31:36
103,Tiarei,-17.5333,-149.3333,80.62,74,98,5.17,PF,2021-10-26 01:31:36
104,Lavrentiya,65.5833,-171.0,17.69,76,100,9.35,RU,2021-10-26 01:31:36
105,Jamestown,42.097,-79.2353,56.84,91,75,3.0,US,2021-10-26 01:26:44
106,Hasaki,35.7333,140.8333,61.29,85,100,34.56,JP,2021-10-26 01:27:19
107,Oktyabrskiy,54.4815,53.471,29.16,74,100,5.1,RU,2021-10-26 01:31:37
108,Bridlington,54.0831,-0.1919,46.89,85,60,11.43,GB,2021-10-26 01:31:38
109,Lebu,-37.6167,-73.65,52.48,93,13,13.82,CL,2021-10-26 01:25:59
110,Hay River,60.8156,-115.7999,42.78,81,75,9.22,CA,2021-10-26 01:28:36
111,Lata,40.1629,-8.3327,58.82,86,0,3.76,PT,2021-10-26 01:31:38
112,Nipawin,53.3668,-104.0009,44.64,70,90,13.8,CA,2021-10-26 01:30:21
113,Axim,4.8699,-2.2405,77.34,89,100,8.25,GH,2021-10-26 01:31:39
114,Cherskiy,68.75,161.3,-5.94,92,100,1.77,RU,2021-10-26 01:31:39
115,Port Elizabeth,-33.918,25.5701,62.89,88,0,10.36,ZA,2021-10-26 01:26:54
116,Labuhan,-6.8844,112.2051,87.08,60,24,3.87,ID,2021-10-26 01:31:40
117,Tyukhtet,56.5389,89.3011,37.09,90,88,3.83,RU,2021-10-26 01:31:40
118,Bengkulu,-3.8004,102.2655,77.59,83,100,2.53,ID,2021-10-26 01:27:14
119,Lagoa,39.05,-27.9833,67.08,73,0,11.52,PT,2021-10-26 01:28:42
120,Kongoussi,13.3258,-1.5347,81.77,45,12,5.82,BF,2021-10-26 01:31:41
121,Singaraja,-8.112,115.0882,83.97,63,99,1.54,ID,2021-10-26 01:31:41
122,Plettenberg Bay,-34.0527,23.3716,57.06,88,32,5.57,ZA,2021-10-26 01:26:32
123,Victoria,22.2855,114.1577,77.32,75,100,1.01,HK,2021-10-26 01:24:45
124,Prado,-17.3411,-39.2208,75.33,93,90,5.28,BR,2021-10-26 01:31:42
125,Puerto Colombia,10.9878,-74.9547,82.49,79,1,18.5,CO,2021-10-26 01:28:06
126,Sakakah,29.9697,40.2064,65.77,31,0,3.91,SA,2021-10-26 01:31:42
127,Longyearbyen,78.2186,15.6401,17.44,62,0,11.5,SJ,2021-10-26 01:26:36
128,Black River,18.0264,-77.8487,82.4,79,27,4.59,JM,2021-10-26 01:31:43
129,Narsaq,60.9167,-46.05,39.42,46,3,7.56,GL,2021-10-26 01:25:56
130,Coihaique,-45.5752,-72.0662,48.15,81,100,8.05,CL,2021-10-26 01:28:09
131,Morondava,-20.2833,44.2833,76.98,71,43,3.56,MG,2021-10-26 01:31:44
132,Mnogovershinnyy,53.9353,139.9242,40.87,70,17,3.62,RU,2021-10-26 01:31:44
133,Tarko-Sale,64.9225,77.785,24.58,89,100,8.3,RU,2021-10-26 01:31:45
134,Coquimbo,-29.9533,-71.3436,56.93,86,20,1.32,CL,2021-10-26 01:29:21
135,Yakeshi,49.2833,120.7333,36.39,76,18,10.94,CN,2021-10-26 01:29:11
136,Touba,8.2833,-7.6833,70.16,95,88,1.03,CI,2021-10-26 01:31:45
137,Pingliang,35.5392,106.6861,47.98,57,95,5.77,CN,2021-10-26 01:31:46
138,Constantine,36.365,6.6147,54.81,94,75,4.61,DZ,2021-10-26 01:31:46
139,Santa Barbara,34.7333,-120.0343,54.79,75,1,5.75,US,2021-10-26 01:27:12
140,San Blas,21.5167,-105.2667,79.18,88,97,2.51,MX,2021-10-26 01:31:47
141,Airai,-8.9266,125.4092,75.97,34,67,2.62,TL,2021-10-26 01:26:06
142,Ponta Do Sol,32.6667,-17.1,69.01,67,1,6.31,PT,2021-10-26 01:26:58
143,Saint-Augustin,51.226,-58.6502,37.4,70,23,7.56,CA,2021-10-26 01:28:14
144,Bockenem,52.0099,10.132,53.22,87,100,8.48,DE,2021-10-26 01:31:48
145,Portland,45.5234,-122.6762,53.83,90,90,4.0,US,2021-10-26 01:24:51
146,Saint-Francois,46.4154,3.9054,50.68,96,90,2.3,FR,2021-10-26 01:31:49
147,Beidao,34.5686,105.8933,46.74,85,100,4.38,CN,2021-10-26 01:31:49
148,Kota Tinggi,1.7381,103.8999,84.88,70,94,3.33,MY,2021-10-26 01:31:49
149,Yerbogachen,61.2767,108.0108,31.91,97,100,8.77,RU,2021-10-26 01:31:50
150,Huainan,32.6264,116.9969,63.95,58,100,4.23,CN,2021-10-26 01:30:44
151,Svobodnyy,51.4,128.1333,43.38,62,99,3.58,RU,2021-10-26 01:31:50
152,Vlasotince,42.9636,22.1231,44.06,80,0,4.43,RS,2021-10-26 01:31:51
153,Sitka,57.0531,-135.33,48.09,71,75,0.0,US,2021-10-26 01:25:57
154,Iquique,-20.2208,-70.1431,60.84,69,1,1.16,CL,2021-10-26 01:30:44
155,Talnakh,69.4865,88.3972,15.24,96,100,6.11,RU,2021-10-26 01:27:25
156,Ancud,-41.8697,-73.8203,51.42,96,100,14.72,CL,2021-10-26 01:26:32
157,Broome,42.2506,-75.833,63.36,76,90,1.01,US,2021-10-26 01:26:16
158,Los Llanos De Aridane,28.6585,-17.9182,65.95,82,0,5.01,ES,2021-10-26 01:26:03
159,Cabadiangan,9.7531,122.4739,85.53,70,100,3.0,PH,2021-10-26 01:31:52
160,Mehamn,71.0357,27.8492,32.22,89,100,23.17,NO,2021-10-26 01:31:53
161,Bethel,41.3712,-73.414,66.99,92,90,1.01,US,2021-10-26 01:26:04
162,Balad,34.0164,44.1453,66.24,29,1,2.82,IQ,2021-10-26 01:31:53
163,North Platte,41.1239,-100.7654,44.49,81,1,8.05,US,2021-10-26 01:23:39
164,Naze,28.3667,129.4833,70.72,59,7,13.06,JP,2021-10-26 01:26:39
165,Porosozero,62.7191,32.727,38.98,98,100,7.61,RU,2021-10-26 01:31:54
166,Orotukan,62.2667,151.7,8.4,88,19,1.86,RU,2021-10-26 01:31:54
167,Weyburn,49.6668,-103.8511,44.82,76,85,23.02,CA,2021-10-26 01:31:55
168,Manzhouli,49.6,117.4333,36.0,66,6,20.09,CN,2021-10-26 01:31:55
169,Bayir,37.2687,28.2167,46.92,63,58,3.53,TR,2021-10-26 01:31:56
170,Okahandja,-21.9833,16.9167,59.31,33,0,3.09,NA,2021-10-26 01:31:56
171,Sistranda,63.7256,8.834,49.89,81,100,7.99,NO,2021-10-26 01:27:30
172,Mairang,25.5667,91.6333,54.52,68,0,2.71,IN,2021-10-26 01:31:56
173,Kodinar,20.7903,70.7031,74.05,47,6,9.33,IN,2021-10-26 01:31:57
174,Alice Springs,-23.7,133.8833,90.95,27,0,14.97,AU,2021-10-26 01:25:06
175,Waingapu,-9.6567,120.2641,87.69,60,99,9.98,ID,2021-10-26 01:31:57
176,Verkhnevilyuysk,63.4453,120.3167,31.33,89,100,6.02,RU,2021-10-26 01:27:08
177,Husavik,66.0449,-17.3389,28.31,78,95,7.47,IS,2021-10-26 01:31:58
178,Urengoy,65.9667,78.3667,20.12,94,100,6.26,RU,2021-10-26 01:31:58
179,Kutulik,53.3508,102.7839,42.22,47,26,2.51,RU,2021-10-26 01:31:59
180,Tuatapere,-46.1333,167.6833,60.46,80,98,4.72,NZ,2021-10-26 01:26:17
181,Lompoc,34.6391,-120.4579,61.57,83,40,13.8,US,2021-10-26 01:27:52
182,High Level,58.5169,-117.136,39.31,100,90,6.91,CA,2021-10-26 01:28:41
183,Svetlogorsk,52.6333,29.7333,33.87,66,82,9.64,BY,2021-10-26 01:32:00
184,Jumla,29.2747,82.1838,49.3,63,1,2.33,NP,2021-10-26 01:32:00
185,Butaritari,3.0707,172.7902,81.9,74,2,6.51,KI,2021-10-26 01:28:08
186,Birjand,32.8663,59.2211,47.03,38,0,4.36,IR,2021-10-26 01:32:01
187,Coahuayana,18.7333,-103.6833,80.08,86,100,2.93,MX,2021-10-26 01:27:28
188,Forestville,38.8451,-76.875,65.66,95,90,9.22,US,2021-10-26 01:32:01
189,Tasiilaq,65.6145,-37.6368,37.56,80,100,8.39,GL,2021-10-26 01:28:13
190,Parana,-31.732,-60.5238,70.63,44,0,8.75,AR,2021-10-26 01:29:39
191,Sola,-13.8833,167.55,81.86,72,20,15.82,VU,2021-10-26 01:32:02
192,Mormugao,15.4,73.8,76.26,94,90,2.3,IN,2021-10-26 01:32:02
193,Middelburg,-25.7751,29.4648,55.87,86,51,8.23,ZA,2021-10-26 01:32:03
194,Sisimiut,66.9395,-53.6735,16.81,67,0,12.59,GL,2021-10-26 01:27:14
195,Dingle,10.9995,122.6711,82.83,78,100,9.15,PH,2021-10-26 01:27:14
196,Kattivakkam,13.2167,80.3167,78.89,66,47,7.25,IN,2021-10-26 01:32:04
197,Devonport,-41.1667,146.35,59.09,50,0,7.36,AU,2021-10-26 01:32:04
198,Wadi Maliz,36.4681,8.5495,64.06,84,85,5.14,TN,2021-10-26 01:32:04
199,Komsomolskiy,40.4272,71.7189,43.52,52,24,4.61,UZ,2021-10-26 01:32:05
200,Hithadhoo,-0.6,73.0833,82.81,67,100,15.35,MV,2021-10-26 01:22:02
201,Port Hedland,-20.3167,118.5667,87.85,51,1,13.8,AU,2021-10-26 01:32:05
202,Alofi,-19.0595,-169.9187,82.29,61,40,12.66,NU,2021-10-26 01:26:38
203,Monster,52.0258,4.175,53.98,92,20,1.01,NL,2021-10-26 01:32:06
204,Codrington,-38.2667,141.9667,60.35,49,96,7.65,AU,2021-10-26 01:26:17
205,San Lawrenz,36.0553,14.204,67.41,95,88,5.01,MT,2021-10-26 01:32:06
206,Raton,36.9034,-104.4391,65.05,21,1,10.36,US,2021-10-26 01:32:07
207,Townsville,-19.25,146.8,86.88,55,100,13.8,AU,2021-10-26 01:30:00
208,Severo-Kurilsk,50.6789,156.125,46.63,77,59,14.63,RU,2021-10-26 01:28:32
209,Atherton,53.5237,-2.4935,50.11,91,100,1.99,GB,2021-10-26 01:29:13
210,Reconquista,-29.15,-59.65,66.78,53,0,9.31,AR,2021-10-26 01:32:08
211,Leh,34.1667,77.5833,25.59,71,7,2.55,IN,2021-10-26 01:26:53
212,Cayenne,4.9333,-52.3333,78.1,88,20,3.0,GF,2021-10-26 01:26:31
213,Pascagoula,30.3658,-88.5561,75.24,95,1,0.0,US,2021-10-26 01:32:08
214,Fortuna,40.5982,-124.1573,58.93,70,90,3.0,US,2021-10-26 01:26:58
215,Sechura,-5.5569,-80.8222,66.34,74,100,14.76,PE,2021-10-26 01:32:09
216,Muros,42.7762,-9.0603,59.85,96,0,6.38,ES,2021-10-26 01:27:43
217,Chuy,-33.6971,-53.4616,59.81,79,0,6.55,UY,2021-10-26 01:28:00
218,Kincardine,56.0667,-3.7167,50.38,96,100,10.87,GB,2021-10-26 01:32:09
219,Iqaluit,63.7506,-68.5145,31.73,86,90,8.99,CA,2021-10-26 01:25:52
220,Panacan,9.2463,118.4082,84.25,74,65,5.59,PH,2021-10-26 01:32:10
221,Cidreira,-30.1811,-50.2056,64.8,80,0,9.31,BR,2021-10-26 01:23:11
222,Balkhash,46.844,74.9804,34.41,75,0,11.18,KZ,2021-10-26 01:32:10
223,Klaksvik,62.2266,-6.589,43.72,74,100,5.82,FO,2021-10-26 01:28:15
224,Qurayyat,31.3318,37.3428,59.18,47,0,6.91,SA,2021-10-26 01:28:13
225,Half Moon Bay,37.4636,-122.4286,60.73,82,20,5.75,US,2021-10-26 01:26:31
226,Rancho Palos Verdes,33.7445,-118.387,61.14,91,75,1.01,US,2021-10-26 01:32:11
227,Cabra,37.4725,-4.4421,59.9,61,100,1.7,ES,2021-10-26 01:32:11
228,Kachug,53.9606,105.8817,43.07,50,97,6.08,RU,2021-10-26 01:32:12
229,Laguna,38.421,-121.4238,62.06,66,1,3.0,US,2021-10-26 01:26:55
230,Waddan,29.1614,16.139,68.16,37,0,1.99,LY,2021-10-26 01:32:12
231,Zyryanka,65.75,150.85,5.99,82,47,4.72,RU,2021-10-26 01:28:14
232,Verkhoyansk,67.5447,133.385,1.99,95,79,1.57,RU,2021-10-26 01:32:13
233,Ulaanbaatar,47.9077,106.8832,24.93,74,0,2.24,MN,2021-10-26 01:31:16
234,Ibadan,7.3878,3.8964,73.22,97,100,2.44,NG,2021-10-26 01:32:13
235,Muzhi,65.3667,64.6667,18.95,79,11,8.43,RU,2021-10-26 01:32:14
236,Ketchikan,55.3422,-131.6461,48.67,81,90,0.0,US,2021-10-26 01:29:23
237,Saint George,37.1041,-113.5841,73.99,30,1,4.0,US,2021-10-26 01:25:58
238,Samarai,-10.6167,150.6667,83.44,72,100,10.87,PG,2021-10-26 01:27:03
239,Provideniya,64.3833,-173.3,23.11,58,75,8.95,RU,2021-10-26 01:26:00
240,Cabo San Lucas,22.8909,-109.9124,81.7,70,1,7.0,MX,2021-10-26 01:22:24
241,Aswan,24.0934,32.907,72.7,35,0,9.22,EG,2021-10-26 01:29:28
242,Upernavik,72.7868,-56.1549,15.28,59,7,5.55,GL,2021-10-26 01:27:18
243,Mtwara,-10.2667,40.1833,76.3,88,100,6.17,TZ,2021-10-26 01:28:01
244,Willowmore,-33.2926,23.4895,50.94,85,62,7.87,ZA,2021-10-26 01:32:16
245,Dalvik,65.9702,-18.5286,28.33,76,20,5.37,IS,2021-10-26 01:32:16
246,San Patricio,28.017,-97.5169,81.01,73,85,10.6,US,2021-10-26 01:28:44
247,Neiafu,-18.65,-173.9833,81.28,65,40,9.22,TO,2021-10-26 01:32:17
248,Constitucion,-35.3333,-72.4167,58.24,76,84,14.5,CL,2021-10-26 01:26:11
249,Nemuro,43.3236,145.575,55.83,80,100,11.9,JP,2021-10-26 01:27:56
250,Marquelia,16.5833,-98.8167,79.29,87,100,3.38,MX,2021-10-26 01:32:17
251,Naduvattam,11.4833,76.5667,58.06,87,41,1.59,IN,2021-10-26 01:32:18
252,La Seyne-Sur-Mer,43.0982,5.8847,58.87,73,53,4.92,FR,2021-10-26 01:32:18
253,Tahta,26.7693,31.5021,66.52,53,0,7.87,EG,2021-10-26 01:32:19
254,Grand Gaube,-20.0064,57.6608,73.8,77,39,8.99,MU,2021-10-26 01:32:19
255,Sorland,67.667,12.6934,48.6,90,100,18.3,NO,2021-10-26 01:27:41
256,Oranjestad,12.524,-70.027,84.15,70,20,19.57,AW,2021-10-26 01:31:48
257,Bilma,18.6853,12.9164,80.15,16,0,6.22,NE,2021-10-26 01:32:20
258,Ous,60.9058,61.5186,24.67,76,13,6.62,RU,2021-10-26 01:32:20
259,Gogrial,8.5332,28.1004,76.39,71,100,4.05,SS,2021-10-26 01:32:21
260,Ukiah,39.1502,-123.2078,57.09,69,1,4.61,US,2021-10-26 01:32:21
261,Pompeu,-19.2244,-44.9353,70.56,83,100,8.34,BR,2021-10-26 01:32:21
262,Nanortalik,60.1432,-45.2371,34.43,62,62,11.81,GL,2021-10-26 01:28:29
263,Karachi,24.9056,67.0822,71.42,53,0,2.3,PK,2021-10-26 01:32:22
264,Kyshtovka,56.555,76.6271,43.68,92,100,16.51,RU,2021-10-26 01:32:22
265,Flinders,-34.5833,150.8552,71.8,53,32,7.63,AU,2021-10-26 01:27:34
266,Ixtapa,20.7,-105.2,83.43,79,90,4.61,MX,2021-10-26 01:25:16
267,Batemans Bay,-35.7167,150.1833,71.2,47,4,8.01,AU,2021-10-26 01:28:30
268,Ambilobe,-13.2,49.05,72.55,67,1,5.23,MG,2021-10-26 01:29:27
269,Celestun,20.8667,-90.4,82.33,82,40,11.18,MX,2021-10-26 01:28:22
270,Berezovyy,51.6667,135.7,48.51,55,19,5.26,RU,2021-10-26 01:32:24
271,Honiara,-9.4333,159.95,85.78,71,57,7.11,SB,2021-10-26 01:32:24
272,Vanavara,60.34,102.2797,31.42,86,100,13.13,RU,2021-10-26 01:32:24
273,Padang,-0.9492,100.3543,80.65,82,83,3.71,ID,2021-10-26 01:26:48
274,Alyangula,-13.8483,136.4192,93.07,46,40,4.61,AU,2021-10-26 01:32:25
275,Khani,41.9563,42.9566,36.97,97,100,1.16,GE,2021-10-26 01:28:09
276,Dunedin,-45.8742,170.5036,58.8,72,93,7.0,NZ,2021-10-26 01:29:18
277,Aleksandrovskoye,44.7142,43.0008,32.14,68,100,1.34,RU,2021-10-26 01:32:26
278,San Rafael,-34.6177,-68.3301,76.69,13,0,7.65,AR,2021-10-26 01:29:55
279,San Juan,-31.5375,-68.5364,82.58,10,16,10.74,AR,2021-10-26 01:32:10
280,Barahona,18.2085,-71.1008,79.75,80,4,7.07,DO,2021-10-26 01:32:26
281,Juneau,58.3019,-134.4197,41.05,94,90,0.0,US,2021-10-26 01:29:19
282,Iskateley,67.6803,53.1512,24.04,85,100,12.44,RU,2021-10-26 01:27:32
283,Chengde,40.9725,117.9361,56.66,30,0,9.01,CN,2021-10-26 01:32:27
284,Chicama,-7.8447,-79.1469,59.54,78,100,5.99,PE,2021-10-26 01:32:27
285,Saint-Joseph,-21.3667,55.6167,70.16,78,37,12.88,RE,2021-10-26 01:32:28
286,Aklavik,68.2191,-135.0107,25.63,97,42,1.12,CA,2021-10-26 01:28:35
287,Gebre Guracha,9.8,38.4,52.56,58,78,2.62,ET,2021-10-26 01:32:28
288,Golden Gate,26.1879,-81.6951,80.98,62,75,6.91,US,2021-10-26 01:32:29
289,Bredasdorp,-34.5322,20.0403,61.29,88,100,6.91,ZA,2021-10-26 01:26:42
290,Susanville,40.4163,-120.653,19.11,85,56,8.01,US,2021-10-26 01:32:29
291,Akdagmadeni,39.6603,35.8836,28.53,88,8,4.36,TR,2021-10-26 01:32:30
292,Sabya,17.1495,42.6254,83.82,65,1,2.53,SA,2021-10-26 01:32:30
293,Lasa,46.6166,10.7002,37.02,46,5,2.95,IT,2021-10-26 01:27:29
294,Lampa,-33.2833,-70.9,71.64,35,0,11.5,CL,2021-10-26 01:31:02
295,Freeport,40.6576,-73.5832,70.38,83,90,5.01,US,2021-10-26 01:29:07
296,Chicla,-11.705,-76.2686,45.68,61,39,1.92,PE,2021-10-26 01:32:31
297,Kamaishi,39.2667,141.8833,52.75,93,100,8.9,JP,2021-10-26 01:28:12
298,Sancraiu,46.8333,22.9833,25.3,45,0,2.8,RO,2021-10-26 01:32:32
299,Khandyga,62.6667,135.6,30.43,95,100,3.2,RU,2021-10-26 01:32:32
300,Vari,37.8312,23.8081,59.86,62,20,5.99,GR,2021-10-26 01:32:32
301,Nizwa,22.9333,57.5333,74.8,51,7,1.45,OM,2021-10-26 01:32:33
302,Moranbah,-22.0016,148.0466,89.13,35,98,11.45,AU,2021-10-26 01:32:33
303,Japura,-0.3167,102.35,83.07,77,100,1.92,ID,2021-10-26 01:32:34
304,Agdas,40.65,47.4761,51.67,55,99,4.7,AZ,2021-10-26 01:32:34
305,Mar Del Plata,-38.0023,-57.5575,59.09,81,0,1.01,AR,2021-10-26 01:26:56
306,Newport,51.5877,-2.9984,54.61,92,98,10.58,GB,2021-10-26 01:32:35
307,Wote,-1.7808,37.6288,66.72,86,98,5.08,KE,2021-10-26 01:32:35
308,Ponta Delgada,37.7333,-25.6667,68.72,77,20,8.05,PT,2021-10-26 01:32:36
309,Makakilo City,21.3469,-158.0858,86.32,53,20,11.5,US,2021-10-26 01:26:07
310,Jamiltepec,16.2833,-97.8167,71.98,96,90,1.7,MX,2021-10-26 01:32:36
311,Ust-Nera,64.5667,143.2,13.28,92,97,2.71,RU,2021-10-26 01:32:36
312,Springbok,-29.6643,17.8865,62.58,24,94,9.8,ZA,2021-10-26 01:32:37
313,Chokurdakh,70.6333,147.9167,-21.51,100,29,1.88,RU,2021-10-26 01:28:25
314,Comodoro Rivadavia,-45.8667,-67.5,58.86,41,75,20.71,AR,2021-10-26 01:32:38
315,Vardo,70.3705,31.1107,35.91,64,100,20.49,NO,2021-10-26 01:26:39
316,Moroto,2.5345,34.6666,66.67,74,3,6.51,UG,2021-10-26 01:32:38
317,Bastia,42.6667,9.3333,60.3,69,0,1.99,FR,2021-10-26 01:32:38
318,Methoni,36.8197,21.7049,60.22,70,92,5.88,GR,2021-10-26 01:32:39
319,Abilene,32.4487,-99.7331,81.28,50,1,6.91,US,2021-10-26 01:28:47
320,Gat,31.61,34.7642,66.4,100,0,3.44,IL,2021-10-26 01:32:40
321,Sonoita,31.85,-112.8333,77.52,46,2,11.48,MX,2021-10-26 01:32:40
322,Teya,60.3778,92.6267,23.83,93,72,2.68,RU,2021-10-26 01:26:49
323,Vao,-22.6667,167.4833,71.92,76,3,16.17,NC,2021-10-26 01:32:41
324,Fairbanks,64.8378,-147.7164,31.1,91,90,3.44,US,2021-10-26 01:27:23
325,Kalmunai,7.4167,81.8167,79.93,80,70,9.1,LK,2021-10-26 01:32:41
326,Adrar,20.5022,-10.0711,79.05,17,71,12.08,MR,2021-10-26 01:28:05
327,Sambava,-14.2667,50.1667,73.65,81,24,9.24,MG,2021-10-26 01:32:42
328,Galveston,29.3669,-94.9669,82.51,84,1,6.91,US,2021-10-26 01:32:42
329,Pedernales,18.0384,-71.744,80.98,72,8,1.88,DO,2021-10-26 01:32:43
330,Nara,34.6851,135.8049,63.77,66,88,7.52,JP,2021-10-26 01:32:43
331,Margate,51.3813,1.3862,50.7,91,2,1.01,GB,2021-10-26 01:27:30
332,Lebedinyy,58.5167,125.5167,29.46,92,99,8.08,RU,2021-10-26 01:32:44
333,Hambantota,6.1241,81.1185,75.54,100,90,3.44,LK,2021-10-26 01:26:41
334,Kamenka,51.3223,42.7678,27.1,76,0,5.37,RU,2021-10-26 01:32:44
335,Hervey Bay,-25.2986,152.8535,79.03,74,99,11.01,AU,2021-10-26 01:32:45
336,Olga,43.7444,135.2892,56.7,48,0,2.82,RU,2021-10-26 01:32:45
337,Acari,-15.4311,-74.6158,66.56,71,74,3.74,PE,2021-10-26 01:26:18
338,Aginskoye,51.1,114.53,38.41,59,57,12.24,RU,2021-10-26 01:32:46
339,Kiama,-34.6833,150.8667,72.0,57,28,8.23,AU,2021-10-26 01:32:46
340,Kyzyl-Suu,42.3414,78.0056,37.29,37,0,7.05,KG,2021-10-26 01:32:46
341,Portree,57.4129,-6.1942,50.86,91,100,13.04,GB,2021-10-26 01:32:47
342,Mana,5.6592,-53.7767,77.09,91,100,8.66,GF,2021-10-26 01:32:47
343,Auki,-8.7676,160.7034,87.69,61,59,5.35,SB,2021-10-26 01:32:48
344,Vila Velha,-20.3297,-40.2925,73.35,83,90,8.05,BR,2021-10-26 01:26:41
345,Tateyama,34.9833,139.8667,62.87,86,100,28.95,JP,2021-10-26 01:32:48
346,Birao,10.2849,22.7882,74.23,60,100,2.89,CF,2021-10-26 01:32:49
347,Panguipulli,-39.6333,-72.3333,50.47,100,100,1.41,CL,2021-10-26 01:30:41
348,Fatehpur,25.9333,80.8,73.54,66,0,2.95,IN,2021-10-26 01:32:49
349,Poronaysk,49.2167,143.1167,52.11,56,0,7.0,RU,2021-10-26 01:27:24
350,Phan Thiet,10.9333,108.1,76.42,93,100,2.98,VN,2021-10-26 01:32:50
351,Okhotsk,59.3833,143.3,24.53,73,14,9.35,RU,2021-10-26 01:29:29
352,San Cristobal,7.7669,-72.225,69.98,98,66,2.68,VE,2021-10-26 01:27:44
353,Sain Alto,23.5833,-103.25,62.98,51,99,4.05,MX,2021-10-26 01:32:51
354,Urumqi,43.801,87.6005,34.75,60,0,4.47,CN,2021-10-26 01:32:51
355,Tonj,7.2737,28.6822,73.31,84,94,5.77,SS,2021-10-26 01:30:24
356,Mahebourg,-20.4081,57.7,73.69,83,40,13.8,MU,2021-10-26 01:26:04
357,Gushikawa,26.3544,127.8686,78.03,53,75,16.11,JP,2021-10-26 01:32:52
358,Sheffield,53.383,-1.4659,49.57,91,100,6.46,GB,2021-10-26 01:31:53
359,Blackwater,-23.5833,148.8833,86.88,42,15,11.18,AU,2021-10-26 01:32:52
360,Mattru,7.6244,-11.8332,72.7,99,100,1.72,SL,2021-10-26 01:32:53
361,Swan Hill,-35.3378,143.5544,74.59,20,0,2.04,AU,2021-10-26 01:32:53
362,San Quintin,30.4833,-115.95,65.23,74,71,11.16,MX,2021-10-26 01:32:54
363,Chara,56.9064,118.2631,28.65,64,58,2.46,RU,2021-10-26 01:28:49
364,Bilibino,68.0546,166.4372,-9.38,94,92,1.14,RU,2021-10-26 01:32:54
365,Tarauaca,-8.1614,-70.7656,68.9,98,100,1.23,BR,2021-10-26 01:32:55
366,Inuvik,68.3499,-133.7218,25.81,100,90,0.0,CA,2021-10-26 01:32:55
367,Santa Vitoria,-18.8386,-50.1214,75.99,59,71,5.48,BR,2021-10-26 01:32:56
368,Cap Malheureux,-19.9842,57.6142,73.89,77,34,8.99,MU,2021-10-26 01:32:56
369,Viedma,-40.8135,-62.9967,52.97,67,62,13.76,AR,2021-10-26 01:32:56
370,Zalantun,48.0,122.7167,48.0,52,66,17.54,CN,2021-10-26 01:32:57
371,Clyde River,70.4692,-68.5914,18.18,78,70,6.58,CA,2021-10-26 01:26:49
372,Havre-Saint-Pierre,50.2334,-63.5986,42.8,93,1,4.61,CA,2021-10-26 01:26:14
373,Hovd,48.0056,91.6419,32.97,50,6,0.34,MN,2021-10-26 01:28:03
374,Hualmay,-11.0964,-77.6139,62.83,84,52,8.03,PE,2021-10-26 01:27:28
375,Richards Bay,-28.783,32.0377,63.12,96,100,3.29,ZA,2021-10-26 01:28:52
376,Sakaiminato,35.55,133.2333,60.78,77,20,4.61,JP,2021-10-26 01:32:58
377,Ingham,42.6,-84.3833,46.99,90,90,11.5,US,2021-10-26 01:32:58
378,Tricase,39.9304,18.3553,59.32,69,90,5.68,IT,2021-10-26 01:32:59
379,Kashi,39.4547,75.9797,43.81,45,0,8.95,CN,2021-10-26 01:32:59
380,Hwange,-18.3693,26.5019,79.41,42,99,9.55,ZW,2021-10-26 01:33:00
381,Lewistown,40.5992,-77.5714,63.48,100,1,0.0,US,2021-10-26 01:33:00
382,Alta Floresta,-9.8756,-56.0861,73.29,86,100,2.15,BR,2021-10-26 01:28:07
383,Yashkul,46.1711,45.3435,35.29,59,1,6.98,RU,2021-10-26 01:33:00
384,Shirokiy,49.758,129.523,46.6,60,88,6.31,RU,2021-10-26 01:33:01
385,Cove,7.221,2.3402,74.61,93,100,3.06,BJ,2021-10-26 01:33:02
386,Berlevag,70.8578,29.0864,32.23,82,100,19.6,NO,2021-10-26 01:27:20
387,Zhigansk,66.7697,123.3711,23.67,96,100,13.6,RU,2021-10-26 01:27:26
388,Cururupu,-1.8283,-44.8683,77.23,84,20,4.41,BR,2021-10-26 01:33:03
389,Bandarbeyla,9.4942,50.8122,75.24,84,72,0.6,SO,2021-10-26 01:33:03
390,Santa Vitoria Do Palmar,-33.5189,-53.3681,60.22,75,0,6.71,BR,2021-10-26 01:33:04
391,Mitsamiouli,-11.3847,43.2844,79.34,76,77,15.64,KM,2021-10-26 01:33:04
392,Usta Muhammad,28.1794,68.0445,68.77,46,1,3.98,PK,2021-10-26 01:33:05
393,Asau,46.4333,26.4,33.28,67,0,2.64,RO,2021-10-26 01:27:59
394,El Cope,8.6167,-80.6,69.26,93,100,2.46,PA,2021-10-26 01:33:05
395,Claveria,18.6074,121.0832,83.44,71,82,11.16,PH,2021-10-26 01:33:05
396,Noumea,-22.2763,166.4572,82.38,99,3,14.07,NC,2021-10-26 01:30:04
397,The Valley,18.217,-63.0578,82.26,70,0,16.8,AI,2021-10-26 01:33:06
398,Calvinia,-31.4707,19.776,59.49,32,100,9.42,ZA,2021-10-26 01:33:06
399,Amahai,-3.3333,128.9167,85.75,65,11,2.73,ID,2021-10-26 01:33:07
400,Cassilandia,-19.1133,-51.7342,72.57,77,57,3.8,BR,2021-10-26 01:33:07
401,Tarnow,50.0138,20.987,41.52,66,68,4.72,PL,2021-10-26 01:33:08
402,Ribas Do Rio Pardo,-20.4431,-53.7592,71.58,77,96,3.85,BR,2021-10-26 01:33:08
403,Lima,-12.0432,-77.0282,61.9,81,90,6.91,PE,2021-10-26 01:26:46
404,Uppsala,60.0,17.75,45.63,87,75,8.05,SE,2021-10-26 01:33:09
405,Ostrovnoy,68.0531,39.5131,22.55,85,64,5.61,RU,2021-10-26 01:33:09
406,El Alto,-4.2714,-81.2147,64.09,82,100,10.89,PE,2021-10-26 01:33:10
407,Leshukonskoye,64.8989,45.7622,14.83,100,96,2.57,RU,2021-10-26 01:33:10
408,Kibre Mengist,5.8833,38.9833,53.64,97,3,2.33,ET,2021-10-26 01:33:10
409,Alindao,5.0267,21.2088,70.32,97,89,0.67,CF,2021-10-26 01:33:11
410,Sur,22.5667,59.5289,78.87,69,6,8.5,OM,2021-10-26 01:28:25
411,Sao Joao Da Barra,-21.6403,-41.0511,71.04,87,100,7.4,BR,2021-10-26 01:25:55
412,Dravograd,46.5881,15.0192,37.06,74,100,3.38,SI,2021-10-26 01:33:11
413,Camacha,33.0833,-16.3333,65.62,73,40,6.91,PT,2021-10-26 01:28:35
414,Murchison,-41.8,172.3333,60.73,80,100,1.72,NZ,2021-10-26 01:33:12
415,Palembang,-2.9167,104.7458,82.49,83,20,0.0,ID,2021-10-26 01:31:03
416,Cartaya,37.2811,-7.1507,62.19,47,60,7.87,ES,2021-10-26 01:33:12
417,Yar-Sale,66.8333,70.8333,19.56,90,92,5.01,RU,2021-10-26 01:26:40
418,Bathsheba,13.2167,-59.5167,83.01,69,40,23.02,BB,2021-10-26 01:28:27
419,Saquena,-4.6667,-73.5167,72.32,99,100,5.93,PE,2021-10-26 01:33:13
420,Pitea,65.3172,21.4794,32.09,99,100,2.35,SE,2021-10-26 01:28:33
421,Tabas,33.5959,56.9244,57.7,29,0,1.77,IR,2021-10-26 01:33:14
422,Hoa Binh,20.8133,105.3383,71.49,69,31,1.81,VN,2021-10-26 01:33:14
423,Luderitz,-26.6481,15.1594,56.26,91,6,5.3,NA,2021-10-26 01:27:00
424,Uyemskiy,64.4743,40.8524,24.85,93,90,6.71,RU,2021-10-26 01:33:15
425,Bubaque,11.2833,-15.8333,82.62,72,100,3.91,GW,2021-10-26 01:33:15
426,Lourdes,43.1,-0.05,51.28,93,90,5.75,FR,2021-10-26 01:33:16
427,Ginir,7.1333,40.7,55.83,73,9,3.58,ET,2021-10-26 01:33:16
428,Leeuwarden,53.2014,5.8086,52.12,97,40,6.91,NL,2021-10-26 01:33:16
429,Angoche,-16.2325,39.9086,76.68,92,8,3.94,MZ,2021-10-26 01:33:17
430,Yumen,40.2833,97.2,41.16,49,3,4.7,CN,2021-10-26 01:27:37
431,Inzhavino,52.3185,42.4937,27.64,76,3,6.62,RU,2021-10-26 01:33:17
432,Atar,20.5169,-13.0499,82.78,26,97,8.75,MR,2021-10-26 01:28:05
433,Boffa,10.1667,-14.0333,76.5,93,100,2.08,GN,2021-10-26 01:33:18
434,Diego De Almagro,-26.3667,-70.05,63.43,38,0,1.23,CL,2021-10-26 01:28:38
435,Victoria Point,-27.5833,153.3,84.43,68,69,7.0,AU,2021-10-26 01:33:19
436,Mao,39.8885,4.2658,59.56,88,0,6.91,ES,2021-10-26 01:33:19
437,Dwarka,22.2394,68.9678,76.75,56,0,3.76,IN,2021-10-26 01:28:34
438,Sao Filipe,14.8961,-24.4956,79.12,77,92,7.2,CV,2021-10-26 01:26:11
439,Seoul,37.5683,126.9778,56.77,69,20,3.44,KR,2021-10-26 01:28:45
440,Fauske,67.2588,15.3918,44.64,92,100,3.0,NO,2021-10-26 01:33:20
441,Sibolga,1.7427,98.7792,81.77,75,100,1.74,ID,2021-10-26 01:33:20
442,Lanigan,51.8501,-105.0344,44.89,60,100,20.04,CA,2021-10-26 01:33:21
443,Kojori,41.6594,44.7025,33.3,70,8,8.14,GE,2021-10-26 01:33:21
444,Yarmouth,41.7057,-70.2286,65.03,96,90,3.0,US,2021-10-26 01:33:22
445,Ahipara,-35.1667,173.1667,69.15,66,100,6.58,NZ,2021-10-26 01:29:00
446,Usinsk,65.9939,57.5281,14.58,91,94,9.69,RU,2021-10-26 01:33:22
447,Bambous Virieux,-20.3428,57.7575,73.65,83,40,13.8,MU,2021-10-26 01:28:07
448,Alihe,50.5667,123.7167,42.84,59,97,3.87,CN,2021-10-26 01:33:23
449,Tura,25.5198,90.2201,72.36,81,0,1.59,IN,2021-10-26 01:33:23
450,Guiratinga,-16.3494,-53.7583,74.97,70,100,1.48,BR,2021-10-26 01:28:16
451,Alugan,12.2188,125.4808,84.94,66,100,10.13,PH,2021-10-26 01:33:24
452,Meulaboh,4.1363,96.1285,79.25,80,77,3.69,ID,2021-10-26 01:33:24
453,Abu Samrah,35.3029,37.1841,61.57,70,1,3.22,SY,2021-10-26 01:28:06
454,Yingcheng,30.95,113.55,59.05,59,90,2.89,CN,2021-10-26 01:33:24
455,Saint-Philippe,-21.3585,55.7679,71.15,81,38,13.58,RE,2021-10-26 01:26:05
456,Roma,43.2128,-75.4557,59.65,90,75,10.36,US,2021-10-26 01:33:25
457,Maunabo,18.0072,-65.8993,82.22,91,48,9.64,PR,2021-10-26 01:33:19
458,Huaidian,33.4333,115.0333,63.91,59,96,4.83,CN,2021-10-26 01:33:26
459,Fort Nelson,58.8053,-122.7002,29.79,100,90,0.0,CA,2021-10-26 01:30:21
460,Shenzhen,22.5455,114.0683,77.27,83,100,5.55,CN,2021-10-26 01:33:26
461,Crotone,39.0851,17.1178,60.89,87,100,15.14,IT,2021-10-26 01:31:59
462,Turukhansk,65.8167,87.9833,13.44,97,93,6.96,RU,2021-10-26 01:33:27
463,Palu,-0.8917,119.8707,88.7,64,63,1.52,ID,2021-10-26 01:33:27
464,Paracuru,-3.41,-39.0306,82.42,74,13,14.76,BR,2021-10-26 01:30:09
465,Lakatoro,-16.0999,167.4164,83.01,70,16,10.42,VU,2021-10-26 01:33:28
466,Altay,47.8667,88.1167,41.49,39,7,7.34,CN,2021-10-26 01:33:28
467,Surt,31.2089,16.5887,70.36,72,0,4.18,LY,2021-10-26 01:33:29
468,Rogers,36.3668,-95.5836,56.88,80,1,4.61,US,2021-10-26 01:33:29
469,Yulara,-25.2406,130.9889,89.44,29,0,13.8,AU,2021-10-26 01:27:25
470,Kahului,20.8947,-156.47,84.22,73,20,26.46,US,2021-10-26 01:27:13
471,Palmira,3.5394,-76.3036,69.28,94,75,2.3,CO,2021-10-26 01:33:30
472,Canon City,38.441,-105.2424,69.44,32,1,1.99,US,2021-10-26 01:29:26
473,Xining,36.6167,101.7667,35.24,89,99,3.4,CN,2021-10-26 01:26:19
474,Carbonia,39.1672,8.5222,59.02,87,21,2.06,IT,2021-10-26 01:33:31
475,Dudinka,69.4058,86.1778,16.88,95,100,10.31,RU,2021-10-26 01:33:31
476,Hammerfest,70.6634,23.6821,27.05,86,75,13.8,NO,2021-10-26 01:33:31
477,Byron Bay,-28.65,153.6167,76.95,63,43,11.92,AU,2021-10-26 01:33:32
478,Macomer,40.262,8.7699,47.23,80,2,4.0,IT,2021-10-26 01:33:32
479,Maniitsoq,65.4167,-52.9,30.87,44,0,6.76,GL,2021-10-26 01:33:32
480,Filingue,14.3521,3.3168,85.35,14,70,5.66,NE,2021-10-26 01:33:33
481,Tabuk,17.4189,121.4443,81.41,72,70,2.68,PH,2021-10-26 01:33:33
482,Namibe,-15.1961,12.1522,62.46,78,31,4.63,AO,2021-10-26 01:33:34
483,Pacific Grove,36.6177,-121.9166,61.25,82,1,3.0,US,2021-10-26 01:26:29
484,Saint-Pierre,-21.3393,55.4781,71.24,73,0,8.05,RE,2021-10-26 01:26:41
485,Taoudenni,22.6783,-3.9836,84.49,17,100,10.54,ML,2021-10-26 01:33:34
486,Nueva Gerona,21.8833,-82.8,82.69,77,100,1.9,CU,2021-10-26 01:33:35
487,Aban,56.67,96.06,42.04,68,71,13.76,RU,2021-10-26 01:33:35
488,Saldanha,-33.0117,17.9442,61.97,68,100,10.18,ZA,2021-10-26 01:27:15
489,Catamarca,-28.4696,-65.7852,73.04,20,0,16.4,AR,2021-10-26 01:33:36
490,Eureka,40.8021,-124.1637,58.35,75,97,1.99,US,2021-10-26 01:30:52
491,Marzuq,14.4,46.4667,67.91,47,32,0.87,YE,2021-10-26 01:33:36
492,Key West,24.5557,-81.7826,82.4,89,75,4.61,US,2021-10-26 01:31:38
493,Lorengau,-2.0226,147.2712,85.39,65,96,6.11,PG,2021-10-26 01:27:05
494,Bonavista,48.6499,-53.1147,41.11,65,96,15.37,CA,2021-10-26 01:26:45
495,San Andres,12.5847,-81.7006,84.22,79,20,5.75,CO,2021-10-26 01:30:07
496,Zhangjiakou,40.81,114.8794,47.37,35,0,9.28,CN,2021-10-26 01:26:48
497,Cooma,-36.2333,149.1333,56.97,58,0,5.75,AU,2021-10-26 01:33:37
498,Muisne,0.6,-80.0333,75.56,85,86,5.5,EC,2021-10-26 01:33:38
499,Guerrero Negro,27.9769,-114.0611,66.99,75,0,17.34,MX,2021-10-26 01:28:27
500,Point Fortin,10.1833,-61.6833,79.14,86,100,13.33,TT,2021-10-26 01:33:38
501,Chaplynka,46.3651,33.5403,35.91,59,0,7.23,UA,2021-10-26 01:33:39
502,Beringovskiy,63.05,179.3167,15.58,72,100,2.86,RU,2021-10-26 01:27:51
503,Kawalu,-7.3817,108.2082,78.37,75,100,3.8,ID,2021-10-26 01:33:39
504,Tiznit,29.5833,-9.5,58.6,88,0,0.81,MA,2021-10-26 01:33:39
505,Soverato,38.685,16.5499,62.55,95,100,15.9,IT,2021-10-26 01:33:40
506,Baykit,61.67,96.37,22.82,83,59,8.23,RU,2021-10-26 01:33:40
507,Lagunas,-5.2269,-75.6753,72.05,99,100,4.52,PE,2021-10-26 01:33:41
508,Llangefni,53.2556,-4.3106,55.72,73,75,18.41,GB,2021-10-26 01:33:41
509,Gravelbourg,49.8834,-106.5512,44.87,58,100,9.89,CA,2021-10-26 01:33:41
510,Hailar,49.2,119.7,39.63,58,5,12.68,CN,2021-10-26 01:33:42
511,Gayny,60.3071,54.3241,25.7,86,100,4.61,RU,2021-10-26 01:33:42
512,Penzance,50.1186,-5.5371,56.08,87,100,15.08,GB,2021-10-26 01:33:42
513,Isaka,-3.9,32.9333,73.81,46,100,8.75,TZ,2021-10-26 01:33:43
514,Sangar,63.9242,127.4739,24.12,95,100,6.67,RU,2021-10-26 01:33:43
515,Camacupa,-12.0167,17.4833,62.58,86,94,4.07,AO,2021-10-26 01:33:43
516,Kutum,14.2,24.6667,70.97,24,56,8.19,SD,2021-10-26 01:28:45
517,Banjar,-8.19,114.9675,84.06,58,99,1.86,ID,2021-10-26 01:33:44
518,Peque,7.0212,-75.9093,67.06,98,100,1.88,CO,2021-10-26 01:33:44
519,Colares,38.7992,-9.4469,61.32,73,0,10.0,PT,2021-10-26 01:33:45
520,Kununurra,-15.7667,128.7333,93.18,49,27,6.91,AU,2021-10-26 01:33:45
521,Northam,51.0333,-4.2167,55.65,86,100,10.4,GB,2021-10-26 01:33:46
522,Moose Factory,51.2585,-80.6094,39.2,93,90,5.75,CA,2021-10-26 01:33:46
523,Pindi Gheb,33.2402,72.2661,65.43,51,0,0.83,PK,2021-10-26 01:33:46
524,Sandpoint,48.2766,-116.5533,48.96,88,90,0.0,US,2021-10-26 01:33:47
525,Karratha,-20.7377,116.8463,85.96,31,2,16.33,AU,2021-10-26 01:33:47
526,Pandan,14.0453,124.1694,82.38,82,100,9.86,PH,2021-10-26 01:33:47
527,Vazhiny,60.9644,34.0222,41.49,90,100,10.07,RU,2021-10-26 01:33:48
528,Miro Khan,27.7599,68.0921,70.43,43,0,3.85,PK,2021-10-26 01:33:48
529,Harper,4.375,-7.7169,77.0,83,100,7.78,LR,2021-10-26 01:27:45
530,Gravdal,68.1214,13.5031,47.41,92,100,13.35,NO,2021-10-26 01:33:49
531,La Ronge,55.1001,-105.2842,43.05,65,90,20.71,CA,2021-10-26 01:28:18
532,Litovko,49.2361,135.1742,51.35,49,66,8.68,RU,2021-10-26 01:33:49
533,Raudeberg,61.9875,5.1352,48.2,89,75,5.01,NO,2021-10-26 01:33:50
534,Clifton,40.8584,-74.1638,68.7,90,90,1.99,US,2021-10-26 01:31:26
535,Maragogi,-9.0122,-35.2225,77.81,72,100,9.93,BR,2021-10-26 01:33:50
536,Baijiantan,45.6333,85.1833,44.51,30,0,1.32,CN,2021-10-26 01:33:50
537,Arraial Do Cabo,-22.9661,-42.0278,69.62,88,98,10.11,BR,2021-10-26 01:25:21
538,Maputo,-25.9653,32.5892,62.22,94,100,5.01,MZ,2021-10-26 01:30:49
539,Sulecin,52.4443,15.1168,41.72,76,100,6.17,PL,2021-10-26 01:33:51
540,Lusambo,-4.9667,23.45,68.68,99,99,1.59,CD,2021-10-26 01:33:51
541,Namwala,-15.7504,26.4384,75.43,43,71,9.24,ZM,2021-10-26 01:33:52
542,Touros,-5.1989,-35.4608,79.7,61,100,17.56,BR,2021-10-26 01:27:38
543,Syasstroy,60.1367,32.5691,38.53,91,100,14.61,RU,2021-10-26 01:33:52
544,Riachao Das Neves,-11.7461,-44.91,75.67,74,10,2.86,BR,2021-10-26 01:33:52
545,Andros Town,24.7,-77.7667,80.56,78,100,10.22,BS,2021-10-26 01:33:53
546,Mount Gambier,-37.8333,140.7667,64.31,52,100,10.36,AU,2021-10-26 01:26:55
547,Tacna,-18.0056,-70.2483,56.39,83,0,0.72,PE,2021-10-26 01:33:53
548,Manaure,11.7751,-72.4445,82.35,75,0,17.11,CO,2021-10-26 01:33:54
549,Palora,-1.7,-77.9333,66.0,98,57,2.89,EC,2021-10-26 01:33:54
550,Andenes,69.3143,16.1194,38.07,93,90,3.44,NO,2021-10-26 01:33:54
551,Muli,2.9167,73.5667,82.72,75,100,17.13,MV,2021-10-26 01:33:55
552,Burns Lake,54.2331,-125.7533,40.42,94,87,2.8,CA,2021-10-26 01:33:55
553,Nome,64.5011,-165.4064,26.67,69,90,13.8,US,2021-10-26 01:26:21
554,Jiwani,25.05,61.7417,77.4,74,3,3.62,PK,2021-10-26 01:33:56
555,Buchanan,5.8808,-10.0467,76.17,90,100,5.28,LR,2021-10-26 01:33:56
556,Gobabis,-22.45,18.9667,64.87,20,0,6.31,NA,2021-10-26 01:33:56
557,Deniliquin,-35.5333,144.9667,71.01,17,0,5.86,AU,2021-10-26 01:33:57
558,Daverdisse,50.0167,5.1167,49.62,98,93,6.29,BE,2021-10-26 01:33:57
559,Hofn,64.2539,-15.2082,40.42,75,93,2.08,IS,2021-10-26 01:28:00
560,Grajau,-5.8194,-46.1386,76.84,85,5,1.21,BR,2021-10-26 01:33:57
561,Wattegama,6.7989,81.4808,74.32,85,100,1.36,LK,2021-10-26 01:33:58
562,Luganville,-15.5333,167.1667,83.57,70,45,10.09,VU,2021-10-26 01:33:58
563,Prescott,34.54,-112.4685,64.51,58,40,8.01,US,2021-10-26 01:30:00
564,Port Augusta,-32.5,137.7667,83.71,10,12,17.47,AU,2021-10-26 01:33:58
565,Teyateyaneng,-29.1472,27.7489,49.21,80,0,2.37,LS,2021-10-26 01:33:59
566,Ternate,0.8,127.4,86.02,64,8,0.34,ID,2021-10-26 01:33:59
567,Shitanjing,39.2342,106.3439,45.52,28,39,1.88,CN,2021-10-26 01:34:00
568,Manono,-7.3,27.4167,66.96,92,100,2.01,CD,2021-10-26 01:34:00
569,Avera,33.194,-82.5271,73.27,85,18,10.92,US,2021-10-26 01:34:00
570,Roald,62.5833,6.1333,49.33,87,90,8.05,NO,2021-10-26 01:34:01
571,Vila Franca Do Campo,37.7167,-25.4333,68.41,81,8,6.93,PT,2021-10-26 01:26:34
572,Niquero,20.0431,-77.5828,79.9,80,77,1.68,CU,2021-10-26 01:34:01
573,Shache,38.4167,77.2406,47.01,35,7,2.73,CN,2021-10-26 01:34:02
574,Tukrah,32.5341,20.5791,69.64,73,0,3.4,LY,2021-10-26 01:34:02
575,Basco,20.4487,121.9702,81.12,73,22,23.15,PH,2021-10-26 01:34:03
576,Porto Walter,-8.2686,-72.7439,68.74,87,96,2.8,BR,2021-10-26 01:34:03
577,Bagepalli,13.7847,77.7931,70.14,82,22,4.5,IN,2021-10-26 01:34:04
