City_ID,City,Country,Date,Lat,Lng,Max Temp,Humidity,Cloudiness,Wind Speed,Current Description,Rain inches (last 3 hours),Snow inches (last 3 hours)
0,Albany,US,2021-11-01 00:58:29,42.6001,-73.9662,55.74,80,100,10.38,overcast clouds,0,0
1,Nikolskoye,RU,2021-11-01 00:58:29,59.7035,30.7861,48.02,88,98,6.8,overcast clouds,0,0
2,Hambantota,LK,2021-11-01 00:58:29,6.1241,81.1185,75.54,100,40,0.0,scattered clouds,0,0
3,Provideniya,RU,2021-11-01 00:58:30,64.3833,-173.3,19.51,58,0,15.66,clear sky,0,0
4,Bluff,NZ,2021-11-01 00:58:30,-46.6,168.3333,54.3,75,100,29.24,overcast clouds,0,0
5,Mataura,NZ,2021-11-01 00:58:30,-46.1927,168.8643,61.63,49,100,10.96,overcast clouds,0,0
6,Busselton,AU,2021-11-01 00:58:31,-33.65,115.3333,60.04,62,94,18.41,overcast clouds,0,0
7,Bredasdorp,ZA,2021-11-01 00:58:31,-34.5322,20.0403,61.92,72,100,5.75,overcast clouds,0,0
8,Sitka,US,2021-11-01 00:53:40,57.0531,-135.33,44.82,73,100,7.18,overcast clouds,0,0
9,Jamestown,US,2021-11-01 00:56:27,42.097,-79.2353,52.52,83,100,10.0,overcast clouds,0,0
10,Khatanga,RU,2021-11-01 00:58:32,71.9667,102.5,5.4,96,100,11.9,light snow,0,0
11,Kruisfontein,ZA,2021-11-01 00:57:05,-34.0033,24.7314,61.88,84,100,11.81,overcast clouds,0,0
12,Butaritari,KI,2021-11-01 00:58:32,3.0707,172.7902,81.81,76,1,11.54,light rain,0,0
13,Ushuaia,AR,2021-11-01 00:57:15,-54.8,-68.3,46.06,71,0,6.91,clear sky,0,0
14,Arcachon,FR,2021-11-01 00:58:33,44.5875,-1.0519,59.05,82,75,6.91,broken clouds,0,0
15,Rocha,UY,2021-11-01 00:56:39,-34.4833,-54.3333,61.39,99,89,4.16,overcast clouds,0,0
16,Trairi,BR,2021-11-01 00:54:16,-3.2778,-39.2689,79.95,78,38,10.51,scattered clouds,0,0
17,Tabou,CI,2021-11-01 00:58:33,4.423,-7.3528,76.86,88,90,7.85,light rain,0,0
18,Atuona,PF,2021-11-01 00:58:33,-9.8,-139.0333,78.66,73,0,17.36,clear sky,0,0
19,Teknaf,BD,2021-11-01 00:58:34,20.8624,92.3058,75.54,86,93,4.34,overcast clouds,0,0
20,Hobart,AU,2021-11-01 00:58:34,-42.8794,147.3294,64.02,55,75,3.0,broken clouds,0,0
21,Kapaa,US,2021-11-01 00:56:19,22.0752,-159.319,80.19,73,36,3.0,scattered clouds,0,0
22,Pevek,RU,2021-11-01 00:58:35,69.7008,170.3133,1.81,94,100,6.2,light snow,0,0
23,Qaanaaq,GL,2021-11-01 00:58:35,77.484,-69.3632,16.7,71,100,8.72,overcast clouds,0,0
24,Kavaratti,IN,2021-11-01 00:58:15,10.5669,72.642,81.1,79,81,6.87,broken clouds,0,0
25,Ponta Do Sol,PT,2021-11-01 00:55:42,32.6667,-17.1,73.0,76,60,3.13,broken clouds,0,0
26,Santa Cruz Cabralia,BR,2021-11-01 00:58:36,-16.2781,-39.0247,77.23,83,40,10.36,scattered clouds,0,0
27,Nanortalik,GL,2021-11-01 00:58:36,60.1432,-45.2371,33.85,68,92,9.78,overcast clouds,0,0
28,Dingle,PH,2021-11-01 00:58:36,10.9995,122.6711,82.22,79,94,14.12,overcast clouds,0,0
29,Saint-Philippe,RE,2021-11-01 00:58:37,-21.3585,55.7679,68.22,86,74,11.05,broken clouds,0,0
30,Tuktoyaktuk,CA,2021-11-01 00:58:37,69.4541,-133.0374,30.2,74,75,14.97,broken clouds,0,0
31,Kavieng,PG,2021-11-01 00:58:37,-2.5744,150.7967,85.95,63,46,14.9,scattered clouds,0,0
32,Adrar,MR,2021-11-01 00:58:38,20.5022,-10.0711,82.06,24,50,7.63,scattered clouds,0,0
33,Fort Walton Beach,US,2021-11-01 00:54:25,30.4058,-86.6188,64.49,74,1,0.0,clear sky,0,0
34,Vangaindrano,MG,2021-11-01 00:58:38,-23.35,47.6,71.35,94,100,6.31,light rain,0,0
35,Nahrin,AF,2021-11-01 00:58:39,36.0649,69.1334,44.87,76,97,1.07,overcast clouds,0,0
36,Bengkulu,ID,2021-11-01 00:58:34,-3.8004,102.2655,78.3,82,100,3.47,overcast clouds,0,0
37,Richards Bay,ZA,2021-11-01 00:58:39,-28.783,32.0377,63.45,91,100,5.91,overcast clouds,0,0
38,Ngawen,ID,2021-11-01 00:58:39,-7.0032,111.3129,82.72,74,100,2.75,overcast clouds,0,0
39,Chuy,UY,2021-11-01 00:58:40,-33.6971,-53.4616,63.7,97,95,8.01,light rain,0,0
40,Svetlogorsk,BY,2021-11-01 00:58:40,52.6333,29.7333,38.3,78,0,6.91,clear sky,0,0
41,Kaitangata,NZ,2021-11-01 00:58:40,-46.2817,169.8464,64.24,43,84,11.01,broken clouds,0,0
42,Puerto Ayora,EC,2021-11-01 00:58:41,-0.7393,-90.3518,69.6,90,44,7.31,scattered clouds,0,0
43,Yulara,AU,2021-11-01 00:58:41,-25.2406,130.9889,75.04,60,0,8.05,clear sky,0,0
44,Kodiak,US,2021-11-01 00:58:41,57.79,-152.4072,42.28,90,100,8.63,overcast clouds,0,0
45,San Policarpo,PH,2021-11-01 00:58:42,12.1791,125.5072,82.56,78,74,15.26,broken clouds,0,0
46,Souillac,MU,2021-11-01 00:58:22,-20.5167,57.5167,70.36,88,40,5.75,scattered clouds,0,0
47,Punta Arenas,CL,2021-11-01 00:55:44,-53.15,-70.9167,51.91,50,0,16.11,clear sky,0,0
48,Tasiilaq,GL,2021-11-01 00:58:42,65.6145,-37.6368,19.49,58,9,8.23,clear sky,0,0
49,Dikson,RU,2021-11-01 00:58:43,73.5069,80.5464,5.72,94,97,11.14,overcast clouds,0,0
50,Esperance,AU,2021-11-01 00:58:43,-33.8667,121.9,73.24,44,100,15.21,overcast clouds,0,0
51,Torbay,CA,2021-11-01 00:58:43,47.6666,-52.7314,45.57,93,90,19.57,overcast clouds,0,0
52,Rikitea,PF,2021-11-01 00:58:44,-23.1203,-134.9692,73.08,78,100,17.69,overcast clouds,0,0
53,Cidreira,BR,2021-11-01 00:58:44,-30.1811,-50.2056,67.87,88,9,21.27,clear sky,0,0
54,Katsuura,JP,2021-11-01 00:55:39,35.1333,140.3,68.18,83,100,6.42,overcast clouds,0,0
55,Cape Town,ZA,2021-11-01 00:58:44,-33.9258,18.4232,64.09,73,40,1.01,light rain,0,0
56,Chunhuhub,MX,2021-11-01 00:58:45,19.55,-88.6833,70.39,64,7,2.59,clear sky,0,0
57,Namibe,AO,2021-11-01 00:58:45,-15.1961,12.1522,64.06,78,17,7.87,few clouds,0,0
58,Narsaq,GL,2021-11-01 00:58:45,60.9167,-46.05,25.79,65,27,7.31,scattered clouds,0,0
59,Olafsvik,IS,2021-11-01 00:58:46,64.8945,-23.7142,34.86,71,22,17.31,few clouds,0,0
60,Hualmay,PE,2021-11-01 00:58:46,-11.0964,-77.6139,64.36,82,8,7.52,clear sky,0,0
61,Bosobolo,CD,2021-11-01 00:58:46,4.1833,19.9,70.83,96,100,0.87,light rain,0,0
62,Kaele,CM,2021-11-01 00:58:47,10.1092,14.4508,80.4,35,72,2.15,broken clouds,0,0
63,Bako,ET,2021-11-01 00:58:47,5.7833,36.5667,63.73,53,100,5.37,overcast clouds,0,0
64,East London,ZA,2021-11-01 00:55:54,-33.0153,27.9116,64.98,83,100,13.78,overcast clouds,0,0
65,Lebanon,US,2021-11-01 00:56:18,36.2081,-86.2911,58.44,73,1,0.0,clear sky,0,0
66,Lumeje,AO,2021-11-01 00:58:48,-11.55,20.7833,65.46,93,100,3.96,overcast clouds,0,0
67,Naze,JP,2021-11-01 00:58:48,28.3667,129.4833,67.12,75,17,15.41,few clouds,0,0
68,Gonen,TR,2021-11-01 00:58:48,40.1049,27.654,60.03,52,100,0.98,light rain,0,0
69,Jian,CN,2021-11-01 00:58:49,27.1172,114.9793,60.76,91,100,7.4,light rain,0,0
70,Chokurdakh,RU,2021-11-01 00:58:49,70.6333,147.9167,-10.77,100,87,6.6,overcast clouds,0,0
71,Birao,CF,2021-11-01 00:56:45,10.2849,22.7882,76.3,39,97,3.58,overcast clouds,0,0
72,Alta Floresta,BR,2021-11-01 00:58:49,-9.8756,-56.0861,70.48,99,98,4.34,overcast clouds,0,0
73,Lebu,CL,2021-11-01 00:58:50,-37.6167,-73.65,50.92,93,17,5.99,few clouds,0,0
74,Korla,CN,2021-11-01 00:58:50,41.7597,86.1469,45.05,31,8,3.83,clear sky,0,0
75,Mar Del Plata,AR,2021-11-01 00:58:50,-38.0023,-57.5575,55.09,90,90,5.01,light rain,0,0
76,Castro,BR,2021-11-01 00:58:51,-24.7911,-50.0119,58.69,98,97,6.85,overcast clouds,0,0
77,Bogandinskiy,RU,2021-11-01 00:58:51,56.8937,65.8938,37.67,95,100,8.5,overcast clouds,0,0
78,Gainesville,US,2021-11-01 00:58:51,29.6516,-82.3248,61.09,70,0,4.0,clear sky,0,0
79,Avarua,CK,2021-11-01 00:58:52,-21.2078,-159.775,77.05,69,75,14.97,broken clouds,0,0
80,Tyrma,RU,2021-11-01 00:58:52,50.0833,132.1667,31.8,41,7,0.54,clear sky,0,0
81,Vaini,TO,2021-11-01 00:58:52,-21.2,-175.2,82.56,78,75,10.36,broken clouds,0,0
82,Champerico,GT,2021-11-01 00:58:53,14.3,-91.9167,81.36,82,100,2.35,overcast clouds,0,0
83,Tessalit,ML,2021-11-01 00:58:53,20.1986,1.0114,81.16,15,1,10.29,clear sky,0,0
84,Hilo,US,2021-11-01 00:58:53,19.7297,-155.09,81.25,88,23,1.99,few clouds,0,0
85,Saint-Pierre,RE,2021-11-01 00:58:54,-21.3393,55.4781,68.29,72,0,5.75,clear sky,0,0
86,Bereda,ES,2021-11-01 00:56:17,43.2686,-7.5406,51.55,94,97,4.97,overcast clouds,0,0
87,Tabasco,MX,2021-11-01 00:58:54,18.0,-92.6667,70.95,87,24,3.36,few clouds,0,0
88,San Patricio,US,2021-11-01 00:58:54,28.017,-97.5169,76.84,58,0,9.28,clear sky,0,0
89,Barrow,US,2021-11-01 00:57:22,71.2906,-156.7887,23.97,94,100,15.3,overcast clouds,0,0
90,Yellowknife,CA,2021-11-01 00:58:55,62.456,-114.3525,32.56,96,75,13.8,broken clouds,0,0
91,Victoria,HK,2021-11-01 00:57:40,22.2855,114.1577,78.24,81,37,1.01,scattered clouds,0,0
92,Fortuna,US,2021-11-01 00:58:55,40.5982,-124.1573,61.93,68,90,5.99,overcast clouds,0,0
93,Sao Filipe,CV,2021-11-01 00:55:51,14.8961,-24.4956,79.39,78,99,6.46,overcast clouds,0,0
94,New Norfolk,AU,2021-11-01 00:55:33,-42.7826,147.0587,63.66,49,100,4.0,overcast clouds,0,0
95,Hermanus,ZA,2021-11-01 00:54:12,-34.4187,19.2345,60.91,81,100,10.8,overcast clouds,0,0
96,Aksarka,RU,2021-11-01 00:58:56,66.5606,67.7975,-1.05,88,78,3.06,broken clouds,0,0
97,Lavrentiya,RU,2021-11-01 00:58:57,65.5833,-171.0,13.46,78,100,10.2,overcast clouds,0,0
98,Tura,IN,2021-11-01 00:58:44,25.5198,90.2201,62.4,79,0,3.13,clear sky,0,0
99,Kahului,US,2021-11-01 00:58:57,20.8947,-156.47,83.97,75,5,5.01,clear sky,0,0
100,Airai,TL,2021-11-01 00:58:57,-8.9266,125.4092,73.96,47,55,2.13,broken clouds,0,0
101,Acapulco,MX,2021-11-01 00:56:42,16.8634,-99.8901,79.48,81,100,1.3,overcast clouds,0,0
102,Ambositra,MG,2021-11-01 00:58:58,-20.5167,47.25,58.1,96,0,0.89,clear sky,0,0
103,Pontian Kecil,MY,2021-11-01 00:58:58,1.4801,103.3899,80.73,83,92,9.08,overcast clouds,0,0
104,Paamiut,GL,2021-11-01 00:58:59,61.994,-49.6678,31.53,72,99,8.14,overcast clouds,0,0
105,Saskylakh,RU,2021-11-01 00:55:44,71.9167,114.0833,4.59,97,99,6.82,overcast clouds,0,0
106,Arraial Do Cabo,BR,2021-11-01 00:54:39,-22.9661,-42.0278,70.05,94,100,21.59,overcast clouds,0,0
107,Ilulissat,GL,2021-11-01 00:58:59,69.2167,-51.1,31.28,97,100,11.39,light snow,0,0
108,Yar-Sale,RU,2021-11-01 00:58:59,66.8333,70.8333,6.39,96,100,2.77,overcast clouds,0,0
109,Esso,RU,2021-11-01 00:59:00,55.9333,158.7,15.48,83,98,9.26,overcast clouds,0,0
110,Saint Anthony,US,2021-11-01 00:59:00,45.0205,-93.218,42.82,59,90,1.99,overcast clouds,0,0
111,Tarrega,ES,2021-11-01 00:59:00,41.647,1.1396,63.9,86,100,4.36,overcast clouds,0,0
112,Cassilandia,BR,2021-11-01 00:59:01,-19.1133,-51.7342,70.14,95,96,4.97,overcast clouds,0,0
113,Morgantown,US,2021-11-01 00:55:19,39.6295,-79.9559,55.47,88,100,1.01,overcast clouds,0,0
114,Noumea,NC,2021-11-01 00:59:01,-22.2763,166.4572,78.01,99,67,9.06,broken clouds,0,0
115,Ust-Tsilma,RU,2021-11-01 00:59:02,65.441,52.1498,7.09,98,73,3.53,broken clouds,0,0
116,San Cristobal,VE,2021-11-01 00:59:02,7.7669,-72.225,69.98,98,99,0.94,moderate rain,0,0
117,Xining,CN,2021-11-01 00:54:24,36.6167,101.7667,36.3,84,99,2.8,overcast clouds,0,0
118,Russell,US,2021-11-01 00:59:03,32.3502,-85.1999,54.97,92,0,5.32,clear sky,0,0
119,Naters,CH,2021-11-01 00:59:03,46.3254,7.9891,54.95,97,100,7.78,overcast clouds,0,0
120,Morehead,US,2021-11-01 00:59:03,37.2711,-87.1764,52.99,83,1,1.99,clear sky,0,0
121,Longyearbyen,SJ,2021-11-01 00:59:03,78.2186,15.6401,33.64,69,40,20.71,scattered clouds,0,0
122,Ambon,ID,2021-11-01 00:59:04,-3.6954,128.1814,84.34,79,40,2.3,scattered clouds,0,0
123,Cockburn Town,TC,2021-11-01 00:59:04,21.4612,-71.1419,80.56,74,40,2.3,scattered clouds,0,0
124,Elmadag,TR,2021-11-01 00:59:04,39.9208,33.2308,47.34,70,100,4.74,overcast clouds,0,0
125,Quimper,FR,2021-11-01 00:59:05,48.0,-4.1,54.16,76,75,17.27,broken clouds,0,0
126,Ibadan,NG,2021-11-01 00:59:05,7.3878,3.8964,72.81,98,78,3.11,broken clouds,0,0
127,Bethel,US,2021-11-01 00:59:05,41.3712,-73.414,57.02,87,32,3.0,scattered clouds,0,0
128,Tiksi,RU,2021-11-01 00:57:02,71.6872,128.8694,11.88,83,100,11.36,overcast clouds,0,0
129,Mount Gambier,AU,2021-11-01 00:59:06,-37.8333,140.7667,64.31,48,5,6.91,clear sky,0,0
130,Saint-Joseph,RE,2021-11-01 00:59:06,-21.3667,55.6167,67.21,84,38,10.33,scattered clouds,0,0
131,Ribeira Grande,PT,2021-11-01 00:59:06,38.5167,-28.7,71.2,88,100,7.38,overcast clouds,0,0
132,Mutis,CO,2021-11-01 00:59:07,6.2262,-77.4044,76.66,87,95,2.84,overcast clouds,0,0
133,Antalaha,MG,2021-11-01 00:59:07,-14.9003,50.2788,71.91,90,6,4.14,clear sky,0,0
134,Carnarvon,AU,2021-11-01 00:59:07,-24.8667,113.6333,69.87,56,40,18.41,scattered clouds,0,0
135,Buala,SB,2021-11-01 00:58:20,-8.145,159.5921,83.32,74,73,5.12,moderate rain,0,0
136,Vao,NC,2021-11-01 00:59:08,-22.6667,167.4833,72.07,75,34,14.9,scattered clouds,0,0
137,Hithadhoo,MV,2021-11-01 00:59:08,-0.6,73.0833,81.81,77,100,19.64,overcast clouds,0,0
138,Touros,BR,2021-11-01 00:59:09,-5.1989,-35.4608,81.5,77,14,14.94,few clouds,0,0
139,General Roca,AR,2021-11-01 00:59:09,-39.0333,-67.5833,55.8,47,100,8.66,overcast clouds,0,0
140,Anadyr,RU,2021-11-01 00:59:09,64.75,177.4833,-5.01,76,66,15.01,broken clouds,0,0
141,Faya,SA,2021-11-01 00:57:10,18.3851,42.4509,55.51,55,10,5.79,clear sky,0,0
142,Luanda,AO,2021-11-01 00:59:10,-8.8368,13.2343,75.2,83,75,5.75,broken clouds,0,0
143,Bose,IT,2021-11-01 00:59:10,45.4612,8.0137,49.73,97,100,0.67,light rain,0,0
144,Tornio,FI,2021-11-01 00:59:11,65.8481,24.1466,42.82,98,100,6.06,overcast clouds,0,0
145,Campos Novos,BR,2021-11-01 00:59:11,-27.4017,-51.225,58.12,92,19,7.47,few clouds,0,0
146,Sinnamary,GF,2021-11-01 00:59:11,5.3833,-52.95,78.64,85,34,8.55,scattered clouds,0,0
147,Constantine,DZ,2021-11-01 00:59:12,36.365,6.6147,67.41,63,75,6.91,broken clouds,0,0
148,Bonavista,CA,2021-11-01 00:55:34,48.6499,-53.1147,46.11,91,98,13.8,overcast clouds,0,0
149,Tuatapere,NZ,2021-11-01 00:59:12,-46.1333,167.6833,55.31,70,97,10.65,overcast clouds,0,0
150,Port Alfred,ZA,2021-11-01 00:59:13,-33.5906,26.891,66.06,81,100,15.08,overcast clouds,0,0
151,Hay River,CA,2021-11-01 00:59:13,60.8156,-115.7999,33.78,69,75,5.75,broken clouds,0,0
152,Brumunddal,NO,2021-11-01 00:59:13,60.881,10.9395,46.26,92,100,1.01,overcast clouds,0,0
153,Batagay-Alyta,RU,2021-11-01 00:59:14,67.8006,130.4114,2.97,87,100,3.83,overcast clouds,0,0
154,Gravdal,NO,2021-11-01 00:59:14,68.1214,13.5031,48.09,87,90,10.36,light intensity drizzle,0,0
155,Port Elizabeth,ZA,2021-11-01 00:59:14,-33.918,25.5701,64.09,100,75,19.57,mist,0,0
156,Ghanzi,BW,2021-11-01 00:59:15,-21.5667,21.7833,74.84,12,0,6.38,clear sky,0,0
157,Kidal,ML,2021-11-01 00:59:15,18.4411,1.4078,82.72,15,35,8.19,scattered clouds,0,0
158,Sur,OM,2021-11-01 00:58:24,22.5667,59.5289,81.25,52,0,8.97,clear sky,0,0
159,Carutapera,BR,2021-11-01 00:59:16,-1.195,-46.02,77.63,88,88,6.8,overcast clouds,0,0
160,Hamilton,US,2021-11-01 00:54:58,39.1834,-84.5333,58.08,75,3,3.0,clear sky,0,0
161,Flin Flon,CA,2021-11-01 00:59:16,54.7682,-101.865,30.51,89,100,7.7,overcast clouds,0,0
162,Kiama,AU,2021-11-01 00:57:51,-34.6833,150.8667,75.38,56,100,8.99,overcast clouds,0,0
163,Pahalgam,IN,2021-11-01 00:59:16,34.0333,75.3333,35.92,68,100,6.11,overcast clouds,0,0
164,Bambous Virieux,MU,2021-11-01 00:59:17,-20.3428,57.7575,70.21,88,40,5.75,scattered clouds,0,0
165,Ostrovnoy,RU,2021-11-01 00:56:39,68.0531,39.5131,33.55,88,100,16.69,overcast clouds,0,0
166,Capreol,CA,2021-11-01 00:55:55,46.706,-80.9225,45.07,78,90,8.01,overcast clouds,0,0
167,Monrovia,LR,2021-11-01 00:56:45,6.3005,-10.7969,73.17,92,100,7.54,moderate rain,0,0
168,Amapa,BR,2021-11-01 00:59:18,1.0,-52.0,71.73,99,100,1.95,light rain,0,0
169,Porto Novo,BJ,2021-11-01 00:59:18,6.4965,2.6036,75.02,87,100,9.04,overcast clouds,0,0
170,Apatou,GF,2021-11-01 00:59:18,5.155,-54.3472,73.06,99,40,2.55,scattered clouds,0,0
171,Sol-Iletsk,RU,2021-11-01 00:59:19,51.1631,54.9918,39.52,91,21,9.46,few clouds,0,0
172,Lensk,RU,2021-11-01 00:59:19,60.7253,114.9278,23.43,86,100,2.89,overcast clouds,0,0
173,Dharchula,IN,2021-11-01 00:59:19,29.85,80.5333,52.36,47,0,5.88,clear sky,0,0
174,Pozo Colorado,PY,2021-11-01 00:59:20,-23.4923,-58.7972,75.24,72,0,4.85,clear sky,0,0
175,Georgetown,MY,2021-11-01 00:54:38,5.4112,100.3354,80.89,88,20,1.99,few clouds,0,0
176,La Palma,US,2021-11-01 00:59:20,33.8464,-118.0467,71.02,77,81,5.01,broken clouds,0,0
177,Luderitz,NA,2021-11-01 00:59:20,-26.6481,15.1594,61.61,69,100,7.49,overcast clouds,0,0
178,Pedasi,PA,2021-11-01 00:59:21,7.5333,-80.0333,76.06,84,100,4.85,overcast clouds,0,0
179,Sao Joao Da Barra,BR,2021-11-01 00:59:21,-21.6403,-41.0511,70.9,94,100,19.24,moderate rain,0,0
180,Preili,LV,2021-11-01 00:59:21,56.2944,26.7246,41.79,86,72,7.23,broken clouds,0,0
181,Kousseri,CM,2021-11-01 00:59:22,12.0769,15.0306,80.56,26,100,6.91,dust,0,0
182,Atambua,ID,2021-11-01 00:59:22,-9.1061,124.8925,84.24,57,87,1.52,overcast clouds,0,0
183,Magistralnyy,RU,2021-11-01 00:59:22,56.1725,107.4458,29.84,87,99,5.06,overcast clouds,0,0
184,Henties Bay,NA,2021-11-01 00:59:23,-22.116,14.2845,60.85,92,0,6.4,clear sky,0,0
185,Beringovskiy,RU,2021-11-01 00:59:23,63.05,179.3167,6.82,89,73,12.64,broken clouds,0,0
186,Hammerfest,NO,2021-11-01 00:59:23,70.6634,23.6821,37.85,75,74,11.5,broken clouds,0,0
187,Severodvinsk,RU,2021-11-01 00:59:24,64.5635,39.8302,33.91,97,100,12.06,overcast clouds,0,0
188,Xuddur,SO,2021-11-01 00:59:24,4.1213,43.8894,71.58,80,0,14.76,clear sky,0,0
189,Puerto Madero,MX,2021-11-01 00:59:24,14.7208,-92.4215,79.23,79,94,4.81,overcast clouds,0,0
190,Pacaembu,BR,2021-11-01 00:59:25,-21.5622,-51.2606,68.97,85,42,8.63,scattered clouds,0,0
191,Jalu,LY,2021-11-01 00:59:25,29.0331,21.5482,64.99,85,13,7.87,few clouds,0,0
192,Vila Velha,BR,2021-11-01 00:57:37,-20.3297,-40.2925,71.55,94,90,3.44,overcast clouds,0,0
193,Bouca,CF,2021-11-01 00:59:25,6.5105,18.2733,71.53,85,100,3.51,overcast clouds,0,0
194,Hasanpur,IN,2021-11-01 00:59:26,28.7167,78.2833,62.78,62,0,5.03,clear sky,0,0
195,Point Pedro,LK,2021-11-01 00:59:26,9.8167,80.2333,80.94,82,65,8.68,broken clouds,0,0
196,San Vicente,AR,2021-11-01 00:59:27,-26.6167,-54.1333,62.49,97,0,3.11,clear sky,0,0
197,Lompoc,US,2021-11-01 00:59:06,34.6391,-120.4579,64.78,75,100,15.99,overcast clouds,0,0
198,Boa Vista,BR,2021-11-01 00:58:42,2.8197,-60.6733,85.98,66,40,2.3,scattered clouds,0,0
199,Cabo San Lucas,MX,2021-11-01 00:59:21,22.8909,-109.9124,82.06,73,11,5.01,few clouds,0,0
200,Chake Chake,TZ,2021-11-01 00:59:28,-5.2459,39.7666,76.71,87,24,9.37,light rain,0,0
201,Cherskiy,RU,2021-11-01 00:56:19,68.75,161.3,-0.06,97,100,5.79,overcast clouds,0,0
202,Pruhonice,CZ,2021-11-01 00:59:28,49.9996,14.5502,49.71,86,0,8.01,clear sky,0,0
203,Lac Du Bonnet,CA,2021-11-01 00:59:28,50.2536,-96.0612,33.73,94,100,10.78,light rain,0,0
204,Los Llanos De Aridane,ES,2021-11-01 00:59:29,28.6585,-17.9182,67.12,40,40,5.99,scattered clouds,0,0
205,Palana,RU,2021-11-01 00:59:29,59.1167,159.9667,14.25,86,96,9.6,light snow,0,0
206,Chunskiy,RU,2021-11-01 00:59:29,56.0815,99.6342,31.75,89,100,3.91,overcast clouds,0,0
207,Tirlyanskiy,RU,2021-11-01 00:59:30,54.2109,58.5806,38.7,92,100,6.67,overcast clouds,0,0
208,Roald,NO,2021-11-01 00:59:30,62.5833,6.1333,50.32,66,90,9.22,overcast clouds,0,0
209,Chany,RU,2021-11-01 00:59:30,55.3121,76.7647,22.8,92,100,7.34,overcast clouds,0,0
210,General Pico,AR,2021-11-01 00:59:31,-35.6566,-63.7568,52.18,96,100,8.66,light rain,0,0
211,Huarmey,PE,2021-11-01 00:59:31,-10.0681,-78.1522,65.16,81,8,8.1,clear sky,0,0
212,Kieta,PG,2021-11-01 00:59:31,-6.2167,155.6333,83.71,73,100,3.76,light rain,0,0
213,Neryungri,RU,2021-11-01 00:59:32,56.6709,124.6491,20.75,80,100,4.36,overcast clouds,0,0
214,Ust-Charyshskaya Pristan,RU,2021-11-01 00:59:32,52.3934,83.6635,26.37,82,99,13.62,overcast clouds,0,0
215,Nizwa,OM,2021-11-01 00:58:15,22.9333,57.5333,74.89,23,0,7.14,clear sky,0,0
216,Wyndham,US,2021-11-01 00:59:33,37.6985,-77.6125,58.98,83,0,8.14,clear sky,0,0
217,San Pedro,PH,2021-11-01 00:59:33,14.35,121.0167,82.35,83,75,1.14,broken clouds,0,0
218,Fairbanks,US,2021-11-01 00:59:34,64.8378,-147.7164,31.82,84,100,3.49,overcast clouds,0,0
219,Mahebourg,MU,2021-11-01 00:59:34,-20.4081,57.7,70.25,88,40,5.75,scattered clouds,0,0
220,Hofn,IS,2021-11-01 00:56:16,64.2539,-15.2082,39.6,60,99,26.42,overcast clouds,0,0
221,Uray,RU,2021-11-01 00:59:34,60.1247,64.7758,20.66,95,100,10.27,light snow,0,0
222,Chingola,ZM,2021-11-01 00:59:35,-12.529,27.8838,64.09,80,90,4.68,overcast clouds,0,0
223,Beloha,MG,2021-11-01 00:59:35,-25.1667,45.05,71.28,77,84,4.34,broken clouds,0,0
224,Jacareacanga,BR,2021-11-01 00:59:35,-6.2222,-57.7528,75.13,87,66,1.66,broken clouds,0,0
225,Upernavik,GL,2021-11-01 00:56:50,72.7868,-56.1549,29.25,77,100,13.38,overcast clouds,0,0
226,Kununurra,AU,2021-11-01 00:59:36,-15.7667,128.7333,84.18,61,18,6.91,few clouds,0,0
227,Vanimo,PG,2021-11-01 00:59:36,-2.6741,141.3028,82.42,79,99,2.1,light rain,0,0
228,Jutiapa,GT,2021-11-01 00:59:36,14.2833,-89.9,73.89,90,91,2.77,overcast clouds,0,0
229,Geraldton,AU,2021-11-01 00:59:11,-28.7667,114.6,67.12,59,75,18.41,broken clouds,0,0
230,Hasaki,JP,2021-11-01 00:57:47,35.7333,140.8333,63.28,73,100,5.7,overcast clouds,0,0
231,Pacific Grove,US,2021-11-01 00:59:37,36.6177,-121.9166,63.45,79,100,1.99,overcast clouds,0,0
232,Nabisar,PK,2021-11-01 00:59:37,25.0685,69.6419,72.97,55,0,9.66,clear sky,0,0
233,Sambava,MG,2021-11-01 00:59:38,-14.2667,50.1667,73.02,91,53,5.28,broken clouds,0,0
234,Changli,CN,2021-11-01 00:59:38,39.7042,119.1506,47.44,49,7,2.8,clear sky,0,0
235,Wloclawek,PL,2021-11-01 00:59:38,52.6482,19.0678,44.42,68,10,9.04,clear sky,0,0
236,Muros,ES,2021-11-01 00:59:39,42.7762,-9.0603,58.15,93,58,11.59,broken clouds,0,0
237,Coihaique,CL,2021-11-01 00:59:39,-45.5752,-72.0662,58.95,47,0,5.75,clear sky,0,0
238,Altay,CN,2021-11-01 00:59:39,47.8667,88.1167,32.02,95,100,8.61,light snow,0,0
239,Mount Isa,AU,2021-11-01 00:59:40,-20.7333,139.5,87.57,37,9,13.8,clear sky,0,0
240,Pittsfield,US,2021-11-01 00:59:40,42.4501,-73.2454,54.41,81,90,5.99,overcast clouds,0,0
241,Grindavik,IS,2021-11-01 00:59:41,63.8424,-22.4338,37.35,86,75,21.85,broken clouds,0,0
242,Saldanha,ZA,2021-11-01 00:57:37,-33.0117,17.9442,62.65,76,100,11.32,light rain,0,0
243,Tambopata,PE,2021-11-01 00:59:41,-12.7333,-69.1833,78.69,78,0,1.14,clear sky,0,0
244,Chauk,MM,2021-11-01 00:59:41,20.8833,94.8167,77.04,87,38,2.28,scattered clouds,0,0
245,Otjimbingwe,NA,2021-11-01 00:59:42,-22.35,16.1333,62.1,35,0,3.18,clear sky,0,0
246,Brae,GB,2021-11-01 00:59:42,60.3964,-1.353,49.91,88,100,17.52,overcast clouds,0,0
247,Chiredzi,ZW,2021-11-01 00:59:42,-21.05,31.6667,67.87,72,0,5.32,clear sky,0,0
248,Santa Barbara,US,2021-11-01 00:59:43,34.7333,-120.0343,59.56,63,1,5.75,clear sky,0,0
249,Camana,PE,2021-11-01 00:59:43,-16.6228,-72.7111,65.46,83,0,5.86,clear sky,0,0
250,Isangel,VU,2021-11-01 00:59:43,-19.55,169.2667,77.99,71,98,11.61,overcast clouds,0,0
251,Verkhnevilyuysk,RU,2021-11-01 00:59:44,63.4453,120.3167,15.1,83,100,6.62,overcast clouds,0,0
252,Miracema Do Tocantins,BR,2021-11-01 00:59:44,-9.5618,-48.3967,75.16,90,100,2.35,heavy intensity rain,0,0
253,Ardakan,IR,2021-11-01 00:59:44,32.31,54.0175,61.18,39,0,4.74,clear sky,0,0
254,Padang,ID,2021-11-01 00:59:18,-0.9492,100.3543,77.05,89,100,2.66,overcast clouds,0,0
255,Yerbogachen,RU,2021-11-01 00:59:45,61.2767,108.0108,18.77,85,100,3.87,overcast clouds,0,0
256,Carlsbad,US,2021-11-01 00:57:52,33.1581,-117.3506,70.09,81,100,1.99,overcast clouds,0,0
257,Progreso,MX,2021-11-01 00:59:45,21.2833,-89.6667,73.9,62,6,10.29,clear sky,0,0
258,Sabha,LY,2021-11-01 00:59:46,27.0377,14.4283,66.13,27,0,1.45,clear sky,0,0
259,Mumford,GH,2021-11-01 00:59:46,5.2618,-0.759,78.93,85,100,14.34,overcast clouds,0,0
260,Aklavik,CA,2021-11-01 00:58:35,68.2191,-135.0107,34.52,87,100,9.8,overcast clouds,0,0
261,Sturgis,US,2021-11-01 00:59:46,41.7992,-85.4192,47.97,2,71,8.84,broken clouds,0,0
262,Felipe Carrillo Puerto,MX,2021-11-01 00:59:47,19.5833,-88.05,68.43,80,8,3.11,clear sky,0,0
263,Narrabri,AU,2021-11-01 00:59:47,-30.3167,149.7833,71.69,46,98,3.44,overcast clouds,0,0
264,Talcahuano,CL,2021-11-01 00:55:15,-36.7167,-73.1167,55.08,82,75,9.22,broken clouds,0,0
265,Hailun,CN,2021-11-01 00:59:48,47.45,126.9333,35.46,24,0,4.14,clear sky,0,0
266,Laguna,US,2021-11-01 00:59:48,38.421,-121.4238,66.24,63,1,1.01,clear sky,0,0
267,Goundam,ML,2021-11-01 00:59:48,16.4145,-3.6708,87.84,14,3,7.7,clear sky,0,0
268,Zyryanka,RU,2021-11-01 00:59:49,65.75,150.85,0.39,88,16,10.78,few clouds,0,0
269,Linares,CL,2021-11-01 00:59:49,-35.85,-71.6,56.59,66,34,2.28,scattered clouds,0,0
270,Alta Gracia,AR,2021-11-01 00:58:19,-31.6529,-64.4283,59.72,81,17,7.25,few clouds,0,0
271,Elizabeth City,US,2021-11-01 00:59:50,36.2946,-76.2511,64.02,83,60,1.99,broken clouds,0,0
272,Petropavlovsk-Kamchatskiy,RU,2021-11-01 00:59:50,53.0452,158.6483,32.59,47,40,6.71,scattered clouds,0,0
273,Marrakesh,MA,2021-11-01 00:59:50,31.6315,-8.0083,62.67,67,18,5.75,few clouds,0,0
274,Saint-Francois,FR,2021-11-01 00:59:51,46.4154,3.9054,52.48,92,90,4.61,overcast clouds,0,0
275,Colares,PT,2021-11-01 00:59:51,38.7992,-9.4469,70.43,83,93,5.99,overcast clouds,0,0
276,Saint George,US,2021-11-01 00:59:51,37.1041,-113.5841,72.95,33,76,1.01,broken clouds,0,0
277,Talnakh,RU,2021-11-01 00:59:52,69.4865,88.3972,-13.2,98,81,4.65,broken clouds,0,0
278,Rusape,ZW,2021-11-01 00:59:52,-18.5278,32.1284,61.61,69,2,1.63,clear sky,0,0
279,Oranjemund,NA,2021-11-01 00:55:14,-28.55,16.4333,61.54,73,100,8.93,overcast clouds,0,0
280,Quimperle,FR,2021-11-01 00:59:52,47.8667,-3.55,56.95,73,75,21.85,broken clouds,0,0
281,Serebryanyy Bor,RU,2021-11-01 00:59:53,56.8,124.8,19.85,78,100,3.67,overcast clouds,0,0
282,Vilhena,BR,2021-11-01 00:59:53,-12.7406,-60.1458,68.58,95,100,1.86,overcast clouds,0,0
283,Selfoss,IS,2021-11-01 00:57:15,63.9331,-20.9971,37.29,79,14,11.88,few clouds,0,0
284,Neustrelitz,DE,2021-11-01 00:59:53,53.3667,13.0833,50.92,74,100,12.97,overcast clouds,0,0
285,Kaspiysk,RU,2021-11-01 00:59:54,42.8816,47.6392,53.78,93,90,4.0,mist,0,0
286,Kirakira,SB,2021-11-01 00:59:54,-10.4544,161.9205,86.97,62,100,13.8,overcast clouds,0,0
287,Gurupi,BR,2021-11-01 00:59:54,-11.7292,-49.0686,73.24,89,100,5.35,moderate rain,0,0
288,Sorong,ID,2021-11-01 00:59:55,-0.8833,131.25,83.46,73,63,5.73,heavy intensity rain,0,0
289,Tandil,AR,2021-11-01 00:59:55,-37.3217,-59.1332,53.31,78,100,5.99,overcast clouds,0,0
290,Tala,EG,2021-11-01 00:59:55,30.6803,30.9429,70.61,74,100,6.38,overcast clouds,0,0
291,Wajima,JP,2021-11-01 00:59:56,37.4,136.9,63.28,82,75,4.61,broken clouds,0,0
292,Norman Wells,CA,2021-11-01 00:56:26,65.282,-126.8329,23.04,93,75,0.0,broken clouds,0,0
293,Teseney,ER,2021-11-01 00:59:56,15.11,36.6575,82.58,35,7,11.61,clear sky,0,0
294,Srivardhan,IN,2021-11-01 00:59:56,18.0333,73.0167,77.07,73,36,5.17,scattered clouds,0,0
295,Bajil,YE,2021-11-01 00:59:57,15.0584,43.2851,80.1,72,6,3.15,clear sky,0,0
296,Hami,CN,2021-11-01 00:59:08,42.8,93.45,48.6,49,100,2.08,overcast clouds,0,0
297,Okhotsk,RU,2021-11-01 00:59:57,59.3833,143.3,10.81,65,15,14.88,few clouds,0,0
298,Urcos,PE,2021-11-01 00:59:57,-13.6861,-71.6228,49.89,74,63,3.06,heavy intensity rain,0,0
299,Kerman,IR,2021-11-01 00:58:08,30.2832,57.0788,55.54,44,0,2.91,clear sky,0,0
300,Inhambane,MZ,2021-11-01 00:57:12,-23.865,35.3833,68.41,85,0,0.54,clear sky,0,0
301,Vestmannaeyjar,IS,2021-11-01 00:59:58,63.4427,-20.2734,38.08,69,17,25.5,few clouds,0,0
302,Ulladulla,AU,2021-11-01 00:59:58,-35.35,150.4667,76.77,47,85,10.11,overcast clouds,0,0
303,Meulaboh,ID,2021-11-01 00:59:59,4.1363,96.1285,77.38,84,100,3.31,overcast clouds,0,0
304,Yagodnoye,RU,2021-11-01 00:59:59,62.55,149.6667,-8.57,91,20,3.31,few clouds,0,0
305,Bay-Khaak,RU,2021-11-01 00:59:59,51.1667,94.5,32.7,77,100,0.16,overcast clouds,0,0
306,Caohe,CN,2021-11-01 01:00:00,30.2297,115.4335,66.96,48,92,1.5,overcast clouds,0,0
307,Poya,NC,2021-11-01 00:59:23,-21.35,165.15,79.97,55,15,10.33,few clouds,0,0
308,Macas,EC,2021-11-01 00:59:16,-2.3167,-78.1167,67.59,97,96,2.33,light rain,0,0
309,Bathsheba,BB,2021-11-01 01:00:00,13.2167,-59.5167,77.61,83,75,16.11,broken clouds,0,0
310,Aleksandrovsk-Sakhalinskiy,RU,2021-11-01 01:00:01,50.8975,142.1561,31.84,54,25,0.72,scattered clouds,0,0
311,Khandyga,RU,2021-11-01 01:00:02,62.6667,135.6,7.95,84,100,4.14,overcast clouds,0,0
312,Komsomolskiy,UZ,2021-11-01 01:00:03,40.4272,71.7189,42.22,75,8,0.0,clear sky,0,0
313,De-Kastri,RU,2021-11-01 01:00:03,51.4667,140.7833,32.63,43,0,2.01,clear sky,0,0
314,Brookhaven,US,2021-11-01 01:00:04,31.5791,-90.4407,56.8,80,0,3.62,clear sky,0,0
315,Kupang,ID,2021-11-01 01:00:05,-10.1667,123.5833,88.38,62,20,4.61,few clouds,0,0
316,Ahipara,NZ,2021-11-01 00:56:09,-35.1667,173.1667,60.94,64,98,14.43,overcast clouds,0,0
317,Grand Gaube,MU,2021-11-01 01:00:06,-20.0064,57.6608,70.38,81,0,5.01,clear sky,0,0
318,Karratha,AU,2021-11-01 01:00:07,-20.7377,116.8463,77.56,53,6,9.69,clear sky,0,0
319,Luzhou,CN,2021-11-01 01:00:07,28.8724,105.4405,58.42,95,100,3.27,light rain,0,0
320,Hirara,JP,2021-11-01 01:00:08,24.8,125.2833,76.95,70,6,15.75,clear sky,0,0
321,Mujiayingzi,CN,2021-11-01 01:00:09,42.1167,118.7833,39.27,71,9,3.02,clear sky,0,0
322,Alofi,NU,2021-11-01 00:56:42,-19.0595,-169.9187,80.49,69,28,14.97,scattered clouds,0,0
323,Honiara,SB,2021-11-01 01:00:10,-9.4333,159.95,85.59,69,94,4.45,light rain,0,0
324,Seoul,KR,2021-11-01 01:00:11,37.5683,126.9778,57.61,93,75,2.3,mist,0,0
325,Bandarbeyla,SO,2021-11-01 01:00:12,9.4942,50.8122,77.7,77,88,10.67,overcast clouds,0,0
326,Marienburg,PL,2021-11-01 01:00:12,54.0359,19.0266,50.95,78,49,11.07,scattered clouds,0,0
327,La Roda,ES,2021-11-01 01:00:13,39.2167,-2.15,65.93,82,100,27.6,overcast clouds,0,0
328,Uniao,BR,2021-11-01 01:00:14,-4.5858,-42.8642,74.71,89,96,3.71,overcast clouds,0,0
329,Lethem,GY,2021-11-01 01:00:15,3.3803,-59.7968,79.68,76,86,7.29,light rain,0,0
330,Arica,CL,2021-11-01 00:58:15,-18.475,-70.3042,62.83,77,0,5.75,clear sky,0,0
331,Cuamba,MZ,2021-11-01 01:00:15,-14.8031,36.5372,76.01,48,0,4.5,clear sky,0,0
332,Quthing,LS,2021-11-01 01:00:16,-30.4,27.7003,58.95,40,6,3.0,clear sky,0,0
333,Ampanihy,MG,2021-11-01 01:00:17,-24.7,44.75,69.35,82,5,6.02,clear sky,0,0
334,Voyvozh,RU,2021-11-01 01:00:18,62.892,54.9635,18.0,97,100,5.03,overcast clouds,0,0
335,Adre,TD,2021-11-01 01:00:18,13.4667,22.2,79.05,22,60,13.09,broken clouds,0,0
336,Evensk,RU,2021-11-01 01:00:19,61.95,159.2333,3.2,75,26,8.75,scattered clouds,0,0
337,Sept-Iles,CA,2021-11-01 01:00:19,50.2001,-66.3821,48.72,96,90,11.01,overcast clouds,0,0
338,Lata,PT,2021-11-01 01:00:20,40.1629,-8.3327,63.05,97,100,3.76,overcast clouds,0,0
339,Araouane,ML,2021-11-01 00:57:43,18.9048,-3.5265,82.51,20,100,11.3,overcast clouds,0,0
340,Kpandu,GH,2021-11-01 01:00:20,6.9954,0.2931,75.83,88,9,7.92,clear sky,0,0
341,Anito,PH,2021-11-01 01:00:20,12.4497,125.2886,81.3,83,97,12.06,overcast clouds,0,0
342,Balsas,BR,2021-11-01 01:00:21,-7.5325,-46.0356,79.56,56,34,2.33,scattered clouds,0,0
343,Umm Kaddadah,SD,2021-11-01 01:00:21,13.6017,26.6876,82.92,19,32,15.88,scattered clouds,0,0
344,Pangai,TO,2021-11-01 01:00:22,-19.8,-174.35,77.0,73,1,14.97,clear sky,0,0
345,Krasnoselkup,RU,2021-11-01 01:00:22,65.7,82.4667,4.75,94,100,12.64,overcast clouds,0,0
346,Dabra,IN,2021-11-01 01:00:22,25.9,78.3333,66.45,50,0,3.31,clear sky,0,0
347,Gorontalo,ID,2021-11-01 01:00:23,0.5412,123.0595,86.22,66,46,2.42,scattered clouds,0,0
348,Sao Geraldo Do Araguaia,BR,2021-11-01 01:00:23,-6.4006,-48.555,76.26,83,85,2.86,overcast clouds,0,0
349,Vidim,RU,2021-11-01 01:00:24,56.4088,103.1106,29.32,86,100,3.56,overcast clouds,0,0
350,Sobolevo,RU,2021-11-01 01:00:24,54.4299,31.8996,37.2,83,0,7.4,clear sky,0,0
351,Gobabis,NA,2021-11-01 01:00:24,-22.45,18.9667,64.44,14,0,11.34,clear sky,0,0
352,Jiazi,CN,2021-11-01 01:00:25,22.8779,116.067,74.41,69,33,16.4,scattered clouds,0,0
353,Gidam,IN,2021-11-01 01:00:25,18.9833,81.4,67.23,88,53,2.17,broken clouds,0,0
354,Pullman,US,2021-11-01 01:00:25,46.7313,-117.1796,42.71,83,7,1.99,clear sky,0,0
355,Bayan,CN,2021-11-01 01:00:26,46.0833,127.4,38.35,64,22,1.23,few clouds,0,0
356,Yinchuan,CN,2021-11-01 01:00:10,38.4681,106.2731,45.05,41,100,5.46,overcast clouds,0,0
357,Vardo,NO,2021-11-01 01:00:26,70.3705,31.1107,37.9,75,94,23.31,overcast clouds,0,0
358,Ouallam,NE,2021-11-01 01:00:27,14.3188,2.0866,85.15,15,100,6.71,overcast clouds,0,0
359,Santa Cruz,BO,2021-11-01 00:57:37,-17.8,-63.1667,83.66,70,75,5.75,broken clouds,0,0
360,Dunedin,NZ,2021-11-01 00:57:59,-45.8742,170.5036,62.8,51,16,8.99,few clouds,0,0
361,Chapais,CA,2021-11-01 01:00:27,49.7834,-74.8492,40.78,99,100,1.77,overcast clouds,0,0
362,Garden City,US,2021-11-01 01:00:27,42.3256,-83.331,49.21,79,75,1.99,broken clouds,0,0
363,Vomp,AT,2021-11-01 01:00:28,47.3333,11.6833,47.14,91,49,8.03,scattered clouds,0,0
364,Kodinar,IN,2021-11-01 01:00:28,20.7903,70.7031,72.5,40,10,7.16,clear sky,0,0
365,Luancheng,CN,2021-11-01 01:00:29,37.8792,114.6517,51.75,80,0,2.24,clear sky,0,0
366,Ngunguru,NZ,2021-11-01 01:00:29,-35.6167,174.5,61.5,62,98,10.09,overcast clouds,0,0
367,Caucaia,BR,2021-11-01 01:00:29,-3.7361,-38.6531,81.03,77,47,10.29,scattered clouds,0,0
368,Zapolyarnyy,RU,2021-11-01 01:00:30,69.4154,30.8136,24.08,96,94,4.27,overcast clouds,0,0
369,Catanduva,BR,2021-11-01 01:00:30,-21.1378,-48.9728,66.2,94,74,6.82,broken clouds,0,0
370,Tete,MZ,2021-11-01 01:00:31,-16.1564,33.5867,77.92,65,6,8.79,clear sky,0,0
371,Ivaipora,BR,2021-11-01 01:00:31,-24.2478,-51.6847,61.86,96,8,6.2,clear sky,0,0
372,Shihezi,CN,2021-11-01 01:00:31,44.3,86.0333,42.66,70,100,3.0,overcast clouds,0,0
373,Severo-Kurilsk,RU,2021-11-01 01:00:32,50.6789,156.125,36.05,58,80,25.23,light rain,0,0
374,Preobrazheniye,RU,2021-11-01 00:59:10,42.9019,133.9064,49.37,74,100,11.74,light rain,0,0
375,Broome,US,2021-11-01 01:00:32,42.2506,-75.833,54.01,77,76,8.99,broken clouds,0,0
376,Iqaluit,CA,2021-11-01 01:00:33,63.7506,-68.5145,29.7,86,87,8.99,overcast clouds,0,0
377,Mkushi,ZM,2021-11-01 01:00:33,-13.6202,29.3939,70.99,43,100,4.32,overcast clouds,0,0
378,Kyshtovka,RU,2021-11-01 01:00:33,56.555,76.6271,21.85,86,100,6.31,overcast clouds,0,0
379,Sorland,NO,2021-11-01 01:00:34,67.667,12.6934,48.27,89,81,22.21,broken clouds,0,0
380,Le Vauclin,MQ,2021-11-01 01:00:34,14.5452,-60.8388,77.05,83,20,1.14,few clouds,0,0
381,Caravelas,BR,2021-11-01 01:00:34,-17.7125,-39.2481,75.18,82,36,7.61,scattered clouds,0,0
382,Vozrozhdeniye,RU,2021-11-01 01:00:35,44.5503,38.2136,55.11,60,100,3.83,overcast clouds,0,0
383,Imperatriz,BR,2021-11-01 01:00:35,-5.5264,-47.4917,79.5,66,94,1.77,overcast clouds,0,0
384,Maningrida,AU,2021-11-01 01:00:36,-12.0667,134.2667,92.07,47,40,7.78,scattered clouds,0,0
385,Casino,AU,2021-11-01 00:56:00,-28.8667,153.05,75.15,53,100,9.22,overcast clouds,0,0
386,Antigonish,CA,2021-11-01 00:57:52,45.6169,-61.9986,57.13,95,100,20.83,overcast clouds,0,0
387,Kimbe,PG,2021-11-01 01:00:37,-5.5502,150.1429,85.64,69,100,1.03,light rain,0,0
388,Santa Maria Del Oro,MX,2021-11-01 01:00:37,25.9333,-105.3667,65.34,36,24,3.94,few clouds,0,0
389,Sagua La Grande,CU,2021-11-01 01:00:38,22.8067,-80.0756,73.0,69,6,5.21,clear sky,0,0
390,Joshimath,IN,2021-11-01 01:00:38,30.5667,79.5667,48.29,38,0,4.38,clear sky,0,0
391,Irbeyskoye,RU,2021-11-01 01:00:38,55.6428,95.4522,35.73,73,91,14.29,overcast clouds,0,0
392,Coquimbo,CL,2021-11-01 01:00:39,-29.9533,-71.3436,58.66,81,100,1.59,overcast clouds,0,0
393,Santa Fe,AR,2021-11-01 00:59:14,-31.6333,-60.7,80.98,58,7,4.0,moderate rain,0,0
394,Belyy Yar,RU,2021-11-01 01:00:39,53.6039,91.3903,35.85,59,0,13.42,clear sky,0,0
395,Santiago De Cuba,CU,2021-11-01 01:00:40,20.0247,-75.8219,74.73,91,34,2.64,scattered clouds,0,0
396,Obihiro,JP,2021-11-01 01:00:40,42.9172,143.2044,52.93,66,14,5.84,few clouds,0,0
397,Narbonne,FR,2021-11-01 01:00:40,43.0833,2.8333,62.56,83,100,2.53,overcast clouds,0,0
398,West Wendover,US,2021-11-01 01:00:41,40.7391,-114.0733,55.36,60,34,2.71,scattered clouds,0,0
399,Fuxin,CN,2021-11-01 01:00:41,42.0156,121.6589,39.18,21,0,5.61,clear sky,0,0
400,Tiznit,MA,2021-11-01 01:00:41,29.5833,-9.5,63.3,40,0,1.32,clear sky,0,0
401,Nyrob,RU,2021-11-01 01:00:42,60.733,56.7202,35.83,98,100,6.46,overcast clouds,0,0
402,Salme,NP,2021-11-01 01:00:42,28.0369,85.0942,49.24,80,45,3.76,scattered clouds,0,0
403,Faanui,PF,2021-11-01 00:57:42,-16.4833,-151.75,78.76,74,95,17.05,overcast clouds,0,0
404,Nome,US,2021-11-01 01:00:43,64.5011,-165.4064,16.77,91,46,6.64,scattered clouds,0,0
405,Yarada,IN,2021-11-01 01:00:43,17.65,83.2667,77.32,94,75,2.3,mist,0,0
406,Gilbues,BR,2021-11-01 01:00:44,-9.8317,-45.3439,80.42,49,100,0.74,overcast clouds,0,0
407,Sayyan,YE,2021-11-01 01:00:44,15.1718,44.3244,50.16,63,1,5.28,clear sky,0,0
408,Lagoa,PT,2021-11-01 00:59:55,39.05,-27.9833,68.16,92,100,9.4,overcast clouds,0,0
409,Murray Bridge,AU,2021-11-01 01:00:44,-35.1167,139.2667,80.85,17,0,11.03,clear sky,0,0
410,Tombouctou,ML,2021-11-01 01:00:45,20.0,-3.0,78.67,22,3,12.48,clear sky,0,0
411,Bridlington,GB,2021-11-01 01:00:45,54.0831,-0.1919,50.9,78,100,34.27,overcast clouds,0,0
412,Guerrero Negro,MX,2021-11-01 01:00:45,27.9769,-114.0611,65.16,81,1,11.83,clear sky,0,0
413,Santa Maria,BR,2021-11-01 01:00:46,-29.6842,-53.8069,69.28,86,82,5.17,broken clouds,0,0
414,Gasa,PS,2021-11-01 01:00:25,31.5,34.4667,80.58,47,100,11.45,overcast clouds,0,0
415,Gemena,CD,2021-11-01 01:00:46,3.25,19.7667,69.21,96,100,1.3,overcast clouds,0,0
416,Husavik,IS,2021-11-01 01:00:44,66.0449,-17.3389,34.16,99,100,19.95,moderate rain,0,0
417,Gamba,GA,2021-11-01 01:00:47,-2.65,10.0,76.01,89,100,7.58,light rain,0,0
418,Leningradskiy,RU,2021-11-01 00:58:19,69.3833,178.4167,-1.91,87,99,12.68,overcast clouds,0,0
419,Quelimane,MZ,2021-11-01 01:00:47,-17.8786,36.8883,75.25,91,18,5.95,few clouds,0,0
420,Majene,ID,2021-11-01 01:00:48,-3.5403,118.9707,83.71,71,88,5.32,overcast clouds,0,0
421,Port Blair,IN,2021-11-01 00:59:26,11.6667,92.75,81.73,78,54,4.29,broken clouds,0,0
422,Sao Jose Da Coroa Grande,BR,2021-11-01 01:00:48,-8.8978,-35.1478,77.02,83,29,8.41,scattered clouds,0,0
423,Tjome,NO,2021-11-01 01:00:48,59.1109,10.3933,50.41,98,90,11.5,moderate rain,0,0
424,Kalakamati,BW,2021-11-01 01:00:49,-20.5929,27.3121,67.42,65,1,10.29,clear sky,0,0
425,Atasu,KZ,2021-11-01 01:00:49,48.6814,71.6433,38.43,79,100,12.62,overcast clouds,0,0
426,Sioux Lookout,CA,2021-11-01 01:00:50,50.1001,-91.917,32.38,89,99,7.52,overcast clouds,0,0
427,Biltine,TD,2021-11-01 01:00:50,14.5333,20.9167,82.6,21,18,10.25,few clouds,0,0
428,Dorogino,RU,2021-11-01 01:00:50,54.3598,83.3198,20.93,90,100,11.3,overcast clouds,0,0
429,Pangnirtung,CA,2021-11-01 00:59:50,66.1451,-65.7125,27.19,97,100,4.18,snow,0,0
430,Codrington,AU,2021-11-01 01:00:51,-38.2667,141.9667,63.59,61,1,3.56,clear sky,0,0
431,Namatanai,PG,2021-11-01 01:00:52,-3.6667,152.4333,85.19,68,80,9.71,light rain,0,0
432,Iwanai,JP,2021-11-01 01:00:52,42.9744,140.5089,51.4,79,100,6.11,overcast clouds,0,0
433,Vanavara,RU,2021-11-01 01:00:53,60.34,102.2797,23.27,94,100,5.12,light snow,0,0
434,San Ignacio,BZ,2021-11-01 01:00:53,17.1561,-89.0714,72.09,86,13,4.32,few clouds,0,0
435,Weligama,LK,2021-11-01 01:00:53,5.9667,80.4167,77.45,89,100,6.85,overcast clouds,0,0
436,Bukachacha,RU,2021-11-01 01:00:54,52.9833,116.9167,26.55,50,24,2.26,few clouds,0,0
437,Sola,VU,2021-11-01 01:00:54,-13.8833,167.55,80.87,74,16,14.25,few clouds,0,0
438,Tateyama,JP,2021-11-01 01:00:54,34.9833,139.8667,68.09,85,98,11.14,overcast clouds,0,0
439,Cavalcante,BR,2021-11-01 01:00:55,-13.7975,-47.4583,71.19,83,100,3.24,overcast clouds,0,0
440,Manokwari,ID,2021-11-01 01:00:55,-0.8667,134.0833,80.55,78,100,4.45,light rain,0,0
441,Atbasar,KZ,2021-11-01 01:00:56,51.8,68.3333,42.64,83,100,16.35,overcast clouds,0,0
442,Qasigiannguit,GL,2021-11-01 01:00:56,68.8193,-51.1922,32.25,93,100,8.72,overcast clouds,0,0
443,Viedma,AR,2021-11-01 01:00:28,-40.8135,-62.9967,50.43,74,100,7.74,light rain,0,0
444,Yonago,JP,2021-11-01 01:00:56,35.4333,133.3333,65.73,68,97,5.48,overcast clouds,0,0
445,Hobyo,SO,2021-11-01 01:00:57,5.3505,48.5268,79.95,70,7,13.13,clear sky,0,0
446,Kamenka,RU,2021-11-01 01:00:47,51.3223,42.7678,39.7,66,0,6.13,clear sky,0,0
447,Sungurlu,TR,2021-11-01 01:00:57,40.1675,34.3739,51.71,70,100,3.42,overcast clouds,0,0
448,Roma,US,2021-11-01 01:00:58,43.2128,-75.4557,54.39,91,90,0.0,overcast clouds,0,0
449,Yebaishou,CN,2021-11-01 01:00:58,41.3975,119.6408,41.74,60,8,3.76,clear sky,0,0
450,Okakarara,NA,2021-11-01 01:00:58,-20.5833,17.4333,65.08,18,0,10.56,clear sky,0,0
451,Margate,GB,2021-11-01 00:59:36,51.3813,1.3862,51.91,76,100,1.99,overcast clouds,0,0
452,Nalut,LY,2021-11-01 01:00:59,30.3333,10.85,67.46,30,0,7.29,clear sky,0,0
453,North Bend,US,2021-11-01 01:00:59,43.4065,-124.2243,57.94,100,28,1.43,scattered clouds,0,0
454,Berdigestyakh,RU,2021-11-01 01:01:00,62.0989,126.6992,16.36,92,100,4.25,overcast clouds,0,0
455,Deputatskiy,RU,2021-11-01 01:01:00,69.3,139.9,-3.26,84,100,1.66,overcast clouds,0,0
456,Zhangye,CN,2021-11-01 01:01:01,38.9342,100.4517,44.51,36,96,1.03,overcast clouds,0,0
457,Olinda,BR,2021-11-01 00:59:22,-8.0089,-34.8553,80.33,74,40,6.91,scattered clouds,0,0
458,Tarsus,TR,2021-11-01 01:01:02,36.9188,34.8784,66.07,53,98,8.03,overcast clouds,0,0
459,Portree,GB,2021-11-01 01:01:02,57.4129,-6.1942,47.52,93,100,19.17,moderate rain,0,0
460,Erenhot,CN,2021-11-01 01:01:03,43.6475,111.9767,34.5,52,0,6.62,clear sky,0,0
461,Jardim,BR,2021-11-01 01:01:04,-21.4803,-56.1381,74.75,74,20,6.11,few clouds,0,0
462,Alice Springs,AU,2021-11-01 01:01:04,-23.7,133.8833,72.95,53,75,0.0,broken clouds,0,0
463,Iskateley,RU,2021-11-01 01:01:04,67.6803,53.1512,8.67,90,5,6.2,clear sky,0,0
464,Goderich,CA,2021-11-01 00:56:43,43.7501,-81.7165,50.92,81,100,16.11,overcast clouds,0,0
465,Central Point,US,2021-11-01 00:56:57,42.376,-122.9164,60.21,75,88,1.45,overcast clouds,0,0
466,Cervo,ES,2021-11-01 00:59:45,43.6702,-7.4101,53.96,75,57,16.67,broken clouds,0,0
467,Poum,NC,2021-11-01 01:01:05,-20.2333,164.0167,75.69,70,0,18.39,clear sky,0,0
468,Brighton,GB,2021-11-01 00:57:15,50.8284,-0.1395,53.82,78,100,14.0,overcast clouds,0,0
469,Turayf,SA,2021-11-01 01:01:06,31.6725,38.6637,67.66,45,67,17.05,broken clouds,0,0
470,Beaufort,MY,2021-11-01 01:00:43,5.3473,115.7455,82.81,73,100,2.68,overcast clouds,0,0
471,Buctzotz,MX,2021-11-01 01:01:06,21.2,-88.7833,68.54,70,24,5.03,few clouds,0,0
472,Nueva Gerona,CU,2021-11-01 01:01:06,21.8833,-82.8,79.09,59,84,5.86,broken clouds,0,0
473,Nuuk,GL,2021-11-01 01:01:07,64.1835,-51.7216,36.21,87,90,23.02,light snow,0,0
474,Orje,NO,2021-11-01 01:01:07,59.4802,11.6602,47.35,93,100,11.52,overcast clouds,0,0
475,Chengde,CN,2021-11-01 01:01:08,40.9725,117.9361,43.97,61,0,1.21,clear sky,0,0
476,Salalah,OM,2021-11-01 01:00:59,17.0151,54.0924,76.62,39,4,2.28,clear sky,0,0
477,Pierre,US,2021-11-01 01:01:09,44.3683,-100.351,41.05,57,0,3.0,clear sky,0,0
478,Barroquinha,BR,2021-11-01 01:01:09,-3.0189,-41.1361,78.73,78,68,6.38,broken clouds,0,0
479,Gawler,AU,2021-11-01 01:01:09,-34.6,138.7333,80.64,26,0,3.56,clear sky,0,0
480,Amboasary,MG,2021-11-01 01:01:09,-25.0333,46.3833,72.16,88,96,3.74,overcast clouds,0,0
481,Dakar,SN,2021-11-01 01:01:10,14.6937,-17.4441,81.48,76,99,15.01,overcast clouds,0,0
482,Beberibe,BR,2021-11-01 01:01:10,-4.1797,-38.1306,79.65,79,44,12.88,scattered clouds,0,0
483,Porto Walter,BR,2021-11-01 01:01:11,-8.2686,-72.7439,77.9,74,13,1.32,few clouds,0,0
484,Panaba,MX,2021-11-01 01:01:11,21.2833,-88.2667,69.66,69,6,7.74,clear sky,0,0
485,Nyurba,RU,2021-11-01 01:01:11,63.2842,118.3319,16.12,85,100,6.73,overcast clouds,0,0
486,Port Lincoln,AU,2021-11-01 00:59:34,-34.7333,135.8667,71.53,43,0,9.06,clear sky,0,0
487,Seduva,LT,2021-11-01 01:01:12,55.7667,23.7667,41.43,82,87,8.93,overcast clouds,0,0
488,Golden Gate,US,2021-11-01 01:01:12,26.1879,-81.6951,74.98,85,16,9.44,few clouds,0,0
489,Puerto Escondido,MX,2021-11-01 01:01:12,15.85,-97.0667,79.93,79,99,3.13,overcast clouds,0,0
490,Nantucket,US,2021-11-01 00:59:34,41.2835,-70.0995,60.1,90,18,20.87,few clouds,0,0
491,Whitehorse,CA,2021-11-01 00:57:46,60.7161,-135.0538,36.01,59,75,15.01,broken clouds,0,0
492,Princeton,US,2021-11-01 01:01:13,25.5384,-80.4089,79.02,76,1,5.75,clear sky,0,0
493,Malayal,PH,2021-11-01 01:01:13,7.208,121.942,84.96,69,44,5.32,scattered clouds,0,0
494,Taksimo,RU,2021-11-01 01:01:13,56.3444,114.8794,22.77,71,17,0.87,few clouds,0,0
495,Vazante,BR,2021-11-01 01:01:14,-17.9869,-46.9078,67.71,96,100,3.22,light rain,0,0
496,Riyadh,SA,2021-11-01 00:56:30,24.6877,46.7219,66.34,28,0,3.67,clear sky,0,0
497,Palmas,BR,2021-11-01 01:00:45,-10.2128,-48.3603,74.08,91,100,3.0,overcast clouds,0,0
498,Novaya Lyalya,RU,2021-11-01 01:01:14,59.055,60.599,39.02,92,100,9.82,overcast clouds,0,0
499,Morales,CO,2021-11-01 01:01:15,2.757,-76.6172,61.41,97,100,0.78,overcast clouds,0,0
500,Inirida,CO,2021-11-01 01:01:15,3.8653,-67.9239,74.64,96,100,2.93,overcast clouds,0,0
501,Angoche,MZ,2021-11-01 01:01:15,-16.2325,39.9086,75.92,85,8,11.16,clear sky,0,0
502,Okha,RU,2021-11-01 01:01:16,53.5739,142.9478,31.69,52,6,8.5,clear sky,0,0
503,Clyde River,CA,2021-11-01 01:01:16,70.4692,-68.5914,19.15,85,100,7.43,overcast clouds,0,0
504,Calama,CL,2021-11-01 01:00:36,-22.4667,-68.9333,56.7,29,0,7.14,clear sky,0,0
505,Praia Da Vitoria,PT,2021-11-01 01:01:17,38.7333,-27.0667,68.76,96,100,3.8,overcast clouds,0,0
506,Jiangyou,CN,2021-11-01 01:01:17,31.7667,104.7167,59.32,75,100,2.51,overcast clouds,0,0
507,Suksun,RU,2021-11-01 01:01:17,57.1431,57.3949,41.68,94,100,10.96,overcast clouds,0,0
508,Ilheus,BR,2021-11-01 01:01:18,-14.7889,-39.0494,73.56,89,17,3.24,few clouds,0,0
509,Pisco,PE,2021-11-01 00:58:22,-13.7,-76.2167,62.65,82,0,16.11,clear sky,0,0
510,Clonakilty,IE,2021-11-01 01:01:18,51.6231,-8.8706,46.09,78,11,17.56,few clouds,0,0
511,Nanakuli,US,2021-11-01 01:01:18,21.3906,-158.1547,82.04,71,22,5.23,few clouds,0,0
512,Arman,RU,2021-11-01 01:00:58,59.7,150.1667,14.09,45,0,7.63,clear sky,0,0
513,Kenai,US,2021-11-01 01:01:19,60.5544,-151.2583,42.15,87,100,6.49,light rain,0,0
514,Moose Factory,CA,2021-11-01 01:01:20,51.2585,-80.6094,39.18,100,90,6.91,overcast clouds,0,0
515,Tamiahua,MX,2021-11-01 01:01:20,21.2667,-97.45,78.31,70,100,9.04,overcast clouds,0,0
516,Imbituba,BR,2021-11-01 01:01:21,-28.24,-48.6703,67.82,94,98,8.28,overcast clouds,0,0
517,Kagoro,NG,2021-11-01 01:01:21,9.6,8.3833,67.28,76,68,1.05,broken clouds,0,0
518,Eureka,US,2021-11-01 00:57:26,40.8021,-124.1637,62.2,75,100,1.99,overcast clouds,0,0
519,Constitucion,CL,2021-11-01 01:01:21,-35.3333,-72.4167,51.53,91,73,2.86,broken clouds,0,0
520,Madeji,PK,2021-11-01 01:01:22,27.7544,68.4526,72.3,17,0,4.56,clear sky,0,0
521,Freeport,US,2021-11-01 01:00:19,40.6576,-73.5832,60.98,69,4,5.01,clear sky,0,0
522,Kurilsk,RU,2021-11-01 01:01:22,45.2333,147.8833,41.61,91,100,17.11,overcast clouds,0,0
523,Flinders,AU,2021-11-01 01:01:23,-34.5833,150.8552,75.18,58,100,4.0,overcast clouds,0,0
524,Ibra,OM,2021-11-01 01:01:23,22.6906,58.5334,75.4,23,0,7.16,clear sky,0,0
525,Harlingen,US,2021-11-01 01:00:12,26.1906,-97.6961,81.34,49,46,12.73,scattered clouds,0,0
526,Kasungu,MW,2021-11-01 01:01:24,-13.0333,33.4833,75.2,49,91,11.1,overcast clouds,0,0
527,Zafra,ES,2021-11-01 01:01:24,38.4167,-6.4167,65.88,93,100,18.95,overcast clouds,0,0
528,Timbiqui,CO,2021-11-01 01:01:24,2.7717,-77.6654,75.65,86,96,1.48,overcast clouds,0,0
529,Thompson,CA,2021-11-01 01:00:35,55.7435,-97.8558,29.12,74,100,7.18,overcast clouds,0,0
530,Kyabe,TD,2021-11-01 01:01:25,9.4515,18.9449,76.78,49,89,0.69,overcast clouds,0,0
531,Baykit,RU,2021-11-01 01:01:25,61.67,96.37,20.01,96,100,3.33,light snow,0,0
532,Haines Junction,CA,2021-11-01 00:58:23,60.7522,-137.5108,40.95,42,99,3.44,overcast clouds,0,0
533,Rehoboth,NA,2021-11-01 01:01:26,-23.3167,17.0833,62.37,23,0,9.89,clear sky,0,0
534,Alyangula,AU,2021-11-01 01:01:26,-13.8483,136.4192,89.26,57,50,4.38,scattered clouds,0,0
535,Junction City,US,2021-11-01 01:01:26,39.0286,-96.8314,46.85,60,45,1.99,scattered clouds,0,0
536,Ifanadiana,MG,2021-11-01 01:01:26,-21.3,47.6333,66.52,99,79,1.32,broken clouds,0,0
537,Duku,NG,2021-11-01 01:01:27,11.2361,4.9073,74.48,40,56,2.48,broken clouds,0,0
538,Barra Patuca,HN,2021-11-01 01:01:27,15.8,-84.2833,79.63,71,95,10.56,overcast clouds,0,0
539,Tabuk,PH,2021-11-01 01:01:28,17.4189,121.4443,77.07,80,92,4.38,overcast clouds,0,0
540,Owando,CG,2021-11-01 01:01:28,-0.4819,15.8999,70.83,98,100,2.24,light rain,0,0
541,Kulhudhuffushi,MV,2021-11-01 01:01:28,6.6221,73.07,81.46,77,100,13.31,overcast clouds,0,0
542,Dabola,GN,2021-11-01 01:01:29,10.75,-11.1167,71.22,92,95,3.51,overcast clouds,0,0
543,Glenluce,GB,2021-11-01 01:01:29,54.8798,-4.8084,48.29,84,100,22.95,light rain,0,0
544,Sawtell,AU,2021-11-01 01:01:30,-30.3833,153.1,69.82,56,90,8.05,overcast clouds,0,0
545,Bani Walid,LY,2021-11-01 01:01:27,31.7566,13.9942,71.8,30,22,12.19,few clouds,0,0
546,Chaplynka,UA,2021-11-01 00:57:11,46.3651,33.5403,45.93,94,7,7.94,clear sky,0,0
547,Klaksvik,FO,2021-11-01 01:01:30,62.2266,-6.589,41.92,66,100,9.8,overcast clouds,0,0
548,Sicuani,PE,2021-11-01 01:01:31,-14.2694,-71.2261,41.23,96,100,1.86,overcast clouds,0,0
549,La Rochelle,FR,2021-11-01 00:57:39,46.1667,-1.15,56.88,82,75,23.02,broken clouds,0,0
550,Christchurch,NZ,2021-11-01 01:00:31,-43.5333,172.6333,61.48,63,15,4.0,few clouds,0,0
551,Vilyuysk,RU,2021-11-01 01:01:32,63.7553,121.6247,12.22,90,100,5.7,overcast clouds,0,0
552,Clermont,FR,2021-11-01 01:01:32,49.5,2.4167,49.71,88,6,16.15,clear sky,0,0
553,Chhibramau,IN,2021-11-01 01:01:32,27.1483,79.4979,66.16,55,2,1.32,clear sky,0,0
554,Forbes,AU,2021-11-01 01:01:32,-33.3833,148.0167,72.91,31,100,9.33,overcast clouds,0,0
555,Darhan,MN,2021-11-01 01:01:33,49.4867,105.9228,34.65,60,100,6.31,overcast clouds,0,0
556,Port-Cartier,CA,2021-11-01 01:01:33,50.0334,-66.8654,48.42,95,100,20.18,overcast clouds,0,0
557,Cooma,AU,2021-11-01 01:01:34,-36.2333,149.1333,70.54,25,96,1.72,overcast clouds,0,0
